-- phpMyAdmin SQL Dump
-- version 4.0.10.14
-- http://www.phpmyadmin.net
--
-- Host: localhost:3306
-- Generation Time: May 16, 2016 at 11:27 AM
-- Server version: 5.5.49-cll
-- PHP Version: 5.4.31

SET SQL_MODE = "NO_AUTO_VALUE_ON_ZERO";
SET time_zone = "+00:00";


/*!40101 SET @OLD_CHARACTER_SET_CLIENT=@@CHARACTER_SET_CLIENT */;
/*!40101 SET @OLD_CHARACTER_SET_RESULTS=@@CHARACTER_SET_RESULTS */;
/*!40101 SET @OLD_COLLATION_CONNECTION=@@COLLATION_CONNECTION */;
/*!40101 SET NAMES utf8 */;

--
-- Database: `snpchoaf_sip4`
--

-- --------------------------------------------------------

--
-- Table structure for table `ref_procurementtype`
--

CREATE TABLE IF NOT EXISTS `ref_procurementtype` (
  `PROCTYPECODE` char(4) NOT NULL,
  `PROCTYPEDESC` varchar(30) NOT NULL,
  PRIMARY KEY (`PROCTYPECODE`)
) ENGINE=InnoDB DEFAULT CHARSET=latin1;

--
-- Dumping data for table `ref_procurementtype`
--

INSERT INTO `ref_procurementtype` (`PROCTYPECODE`, `PROCTYPEDESC`) VALUES
('PL01', 'PENGADAAN LANGSUNG'),
('PL02', 'PENGADAAN LELANG');

-- --------------------------------------------------------

--
-- Table structure for table `ref_provider`
--

CREATE TABLE IF NOT EXISTS `ref_provider` (
  `PVCODE` varchar(8) NOT NULL,
  `PVNAME` varchar(100) NOT NULL,
  `PVADDRESS` varchar(255) DEFAULT NULL,
  `PVPHONENUMBER` varchar(15) DEFAULT NULL,
  PRIMARY KEY (`PVCODE`)
) ENGINE=InnoDB DEFAULT CHARSET=latin1;

--
-- Dumping data for table `ref_provider`
--

INSERT INTO `ref_provider` (`PVCODE`, `PVNAME`, `PVADDRESS`, `PVPHONENUMBER`) VALUES
('PV000002', 'CV. ADLI PRIMA', 'KP. KALAPA RT 005 RW 001 DESA CIMANGGU 2 KECAMATAN CIBUNGBULANG KABUPATEN BOGOR\r\n', '0'),
('PV000003', 'CV. BINA PUTRA PERTIWI', 'JL. LALADON CILAUK RT 003/001 DESA LALADON KECAMATAN CIOMAS KABUPATEN BOGOR\r\n', '0'),
('PV000004', 'CV. DELAPAN SAUDARA', '-', '0'),
('PV000005', 'CV. DIRUS PERKASA', 'JL. RAYA SENTUL NO. 60 RT 03/02 DS. SENTUL KECAMATAN BABAKANMADANG - BOGOR\r\n', '0'),
('PV000006', 'CV. DUA PUTRA UTAMA', 'JL. CERES BLOK 02-B KOMP IPB RT 004 RW 004 DESA CIHERANG KECAMATAN DRAMAGA KABUPATEN BOGOR\r\n', '0'),
('PV000007', 'CV. ENEL BERSAUDARA', '-', '0'),
('PV000008', 'CV. GRAHA CIPTA', 'JL CANGKURAWOK NO. 48 RT 02/03 DESA BABAKAN KECAMATAN DRAMAGA KAB. BOGOR\r\n', '0'),
('PV000009', 'CV. GUMELAR JAYA', 'JL. RAYA LEUWILIANG NO. 3 RT 02/010 DESA LEUWIMEKAR KECAMATAN LEUWILIANG KABUPATEN BOGOR\r\n', '0'),
('PV000010', 'CV. GUNA ARTHA SEJAHTERA', 'KP. GARDU RT 06/02 DESA KP. SAWAH KEC. RUMPIN KAB. BOGOR\r\n', '081380005695'),
('PV000011', 'CV. INDAH KENCANA ASRI', '-', '0'),
('PV000012', 'CV. KAHURIPAN', 'PERU. ALAM SINARSARI BLOK A-83 RT 02/RW 04 DESA SINARSARI KECAMATAN DRAMAGA KAB. BOGOR\r\n', '0'),
('PV000013', 'CV. KARYA PUTERA SENTOSA', 'PERUM. RS PMI BLOK D.2 NO. 8  CILEBUT BARAT SUKARAJA KAB. BOGOR\r\n', '0'),
('PV000014', 'CV. MENARA TRI PUTRI', 'JL. SIROJUL MUNIR NO. 01 RT. 001/002 KEC. CIBINONG\r\n', '0'),
('PV000015', 'CV. MIKHAIL', 'TAMAN PAGELARAN BLOK G VI NO 14 RT 003 RW 008 KELURAHAN PADASUKA KECAMATAN CIOMAS KABUPATEN BOGOR\r\n', '0'),
('PV000016', 'CV. PUTRA PERMATA SEJAHTERA', 'KP. BEDAHAN RT 007 RW 002 KELURAHAN PABUARAN KECAMATAN CIBINONG KABUPATEN BOGOR\r\n', '0'),
('PV000017', 'CV. SINAR CIOMAS', 'LALADON BARU NO.2 RT 005 RW 001 DESA LALADON KECAMATAN CIOMAS KABUPATEN BOGOR\r\n', '082111124908'),
('PV000018', 'CV. SUMBER REJEKI', '-', '0'),
('PV000019', 'CV. TRIA DIPA', 'PAJELERAN NO.18 RT 001/007 KEL. SUKAHATI KEC. CIBINONG KAB. BOGOR\r\n', '0'),
('PV000020', 'CV. CHAIDIR PUTRA', '-', '0'),
('PV000021', '-', '-', '0'),
('PV000022', 'CV. AGUNG RIZKY', 'JL. RAYA NAMBO NO. 18 RT. 011/06 DESA NAMBO KLAPANUGGAL', '021-8674455'),
('PV000023', 'CV. ANUGRAH BUNDA', 'BUMI PANGGUGAH RT. 01/10 DESA CIOMAS KEC. CIOMAS KAB. BOGOR\r\n\r\n', '08561005470'),
('PV000024', 'CV. ARTHA JAYA', 'JL. BABAKAN TENGAH NO. 108 RT.02/08 DRAMAGA BOGOR\r\n', '0'),
('PV000025', 'CV. AUGUSTA', 'KP. PAHLAWAN RT. 003 RW. 017 CILENDEK BARAT KOTA BOGOR\r\n', '08561005470'),
('PV000026', 'CV. AULIA AGASTHA', 'JL. PIPIT RAYA BLOK PTB NO. 5 TAMAN PAGELARAN RT./RW. 005/009 KEL. PADASUKA KEC. CIOMAS\r\n', '081314111312'),
('PV000027', 'CV. BAYU SARI', 'KP. CEMPLANG RT.011 RW.003 DESA CEMPLANG KECAMATAN CIBUNGBULANG KAB. BOGOR\r\n', '0251-8342640'),
('PV000028', 'CV. BIMA PUTRA', 'CILUAR PERMAI JL. SIRSAK I NO. 14 DS. CIJUJUNG KEC. SUKARAJA, KAB. BOGOR\r\n', '081318655657'),
('PV000029', 'CV. BINTANG ABADI SENTOSA', 'KP. GARDU RT.01/08, DESA PARAKANJAYA, KECAMATAN KEMANG, KABUPATEN BOGOR\r\n', '0251 - 7538976'),
('PV000030', 'CV. BINTANG SAKTI', 'JL. RAJAWALI BLOK T.1 RT.008/009 KEL. PADASUKA KEC. CIOMAS KAB. BOGOR\r\n', '0251-7534942'),
('PV000031', 'CV. BOGOR HOUSING', 'JL. MAYJEN H.E. SUKMA NO.326 KM.17 KEL. CARINGIN KEC. CARINGIN\r\n', '0251-8222868'),
('PV000032', 'CV. BUANA PUTRA UTAMA', 'JL. PALAS BLOK N NO. 8 KMOP. IPB II CIHERANG RT.004/004 CIHERANG, KEC. DRAMAGA\r\n', '085711111399'),
('PV000033', 'CV. BUDI DAYA', 'PERUM CILUAR PERMAI JL NANGKA RT 07 RW 09 DS CIJUJUNG KEC SUKARAJA KAB BOGOR\r\n', '081318804000'),
('PV000034', 'CV. CIAMPEA JAYA', 'JL. BABAKAN TENGAH RT. 001/008 BABAKAN DRAMAGA KEC. DRAMAGA\r\n', '081289414229'),
('PV000035', 'CV. CIPTA HARAPAN', 'PURI NIRWANA 3 BLOK BH NO. 41 KARADENAN CIBINONG\r\n', '(0251) 8623042'),
('PV000036', 'CV. CITRA MAKMUR', 'JL. LALADON WATES NO.10 RT.04/01 CIOMAS\r\n', '0251-7520996'),
('PV000037', 'CV. DARGA PILAR UTAMA', 'JL. CIMANUK RAYA NO. 42 RT. 002/003 KEL. BAKTIJAYA KEC. SUKMAJAYA DEPOK\r\n', '021 -77821956'),
('PV000038', 'CV. DARMAGA II', 'JL. BABAKAN TENGAH NO. 100 RT. 02/08 KECAMATAN DRAMAGA\r\n', '0251-8423850'),
('PV000039', 'CV. DELAPAN SAUDARA', 'PERUM CIOMAS PERMAI JL. HARMONI VII BLOK B13/4 RT.003/004 CIOMAS\r\n', '081310201388'),
('PV000040', 'CV. DELTA SATRIA', 'JL. ANYELIR NO. D 33 PERUM ALAM SINARSARI DRAMAGA\r\n', '0251-8626842'),
('PV000041', 'CV. DILLA PRATAMA', 'JL. RAYA ANEKA TAMBANG PONGKOR KM 04 DS. PANGKALJAYA KEC. NANGGUNG\r\n', '085697342894'),
('PV000042', 'CV. DUA PUTRA UTAMA', 'JL. CERES BLOK O NO. 2B KOMPLEK IPB II CIHERANG DRAMAGA-BOGOR\r\n', '0251-8621917'),
('PV000043', 'CV. DUA SAHABAT', 'JL. RAYA BOJONG KEMANG NO. 11 RT.03-RW.01 BOJONG KEMANG\r\n', '081294300045'),
('PV000044', 'CV. DUTA PRIMA MANDIRI', 'JL. CIHERANG INPRES NO. 42 CIHERANG DRAMAGA\r\n', '0878707066054'),
('PV000045', 'CV. DUTA TEKNIK', 'KAMPUNG CURUG NO. 39 RT 02/01 KEL. PAKANSARI KEC. CIBINONG\r\n', '8129886197'),
('PV000046', 'CV. DWI SAKTI UTAMA', 'JL. VETERAN III RT.002/005 DESA BANJARWARU KEC. CIAWI\r\n', '02517591064'),
('PV000047', 'CV. FIKA MULYA', 'KAUMPANDAK NO. 49 RT 004/010 KARADENAN KEC. CIBINONG - KABUPATEN BOGOR\r\n', '021-87927788'),
('PV000048', 'CV. FRISKA ABITAMA', 'PERUM .CIAMPEA ASRI, JL. KEMUNING NO. 12 BENTENG - BOGOR\r\n', '0818750685'),
('PV000049', 'CV. GANDA MAS UTAMA', 'JL. PADASUKA NOL. 10 RT. 003/012 KEL. GUDANG KEC. BOGOR TENGAH\r\n', '0251-7107651'),
('PV000050', 'CV. GENTA RIZKY PURNAMA', 'VILA CIOMAS INDAH BLOK O 1 NO. 16 RT. 004/012 DESA CIOAS RAHAYU KEC. CIOMAS\r\n', '0'),
('PV000051', 'CV. GIRI PUTRA', 'JL. RAYA NANGGUNG GG. BATU PUTIH NO. 54 KEC. NANGGUNG BOGOR\r\n', '0251-8682771'),
('PV000052', 'CV. GUNUNG KEPU GEULIS', 'PERUM SURYA PRAJA BLOK C7 NO. 1/2 RW 006 KELURAHAN SUKAHATI CIBINONG\r\n', '0251-8659873'),
('PV000053', 'CV. GUNUNG PANGRANGO', 'JL.TEGALWARU KP. PULEKAN RT. 001/002 DS. TEGALWARU KEC. CIAMPEA\r\n', '02518339504'),
('PV000054', 'CV. INDUSTRI MEUBEL BALI INDAH', 'JL. SELAKOPI II/3C, LOJI SINDANG BARANG\r\n', '0251-8319716'),
('PV000055', 'CV. KARYA NYATA', 'JL. RAYA SADENG NO. 14 RT. 01/02 DESA SADENG KEC. LEUWISADENG\r\n', '085772302434'),
('PV000056', 'CV. KEMBAR JAYA', 'JL. ABDUL FATAH NO. 12 KP. CIKALANCING RT 016/03 DES. CINANGNENG KEC. TENJOLAYA KAB. BOGOR\r\n', '081213784555'),
('PV000057', 'CV. KURNIA RAMDANI', 'JL. ACE TABRANI KM. 05 NANGGUNG, KAB. BOGOR\r\n', '0251-8681216'),
('PV000058', 'CV. LIUD JAYA', 'JL. RAYA ANEKA TAMBANG PONGKOR KM. 14 NO. 5 NANGGUNG - BOGOR\r\n', '085692108339'),
('PV000059', 'CV. MADYA KARYA', 'JL. RODA PEMBANGUNAN RT 04/08 NO. 48 KELURAHAN NANGGEWER CIBINONG - BOGOR\r\n', '0251-8314936'),
('PV000060', 'CV. MAHLIGAL PERMATA', 'JL. RAYA SELABENDA KP. SELABENDA RT. 003/002 DS. PARAKAN JAYA KEMANG\r\n', '0251 -8626842'),
('PV000061', 'CV. MAKMUR LAKSANA JAYA', 'PURI NIRWANA BLOK DF NO. 07 RT.003 RW.016, KELURAHAN KARADENAN, KEC. CIBINONG\r\n', '021-87923541'),
('PV000062', 'CV. MAKSUM FAMILY', 'JL. PIPIT RAYA BLOK  PTB NO. 05 RT 05/09 DES. PADASUKA - TAMAN PAGELARAN KEC. CIOMAS KAB. BOGOR\r\n', '0251-8336365'),
('PV000063', 'CV. MA''MUR HMC', 'JALAN PAJELERAN RT 04/08 SUKAHATI\r\n', '021-87904883'),
('PV000064', 'CV. MANURU', 'VILLA BOGOR INDAH F3 NO. 37 KOTA BOGOR 16157\r\n', '0251-8655911'),
('PV000065', 'CV. MATAHARI TIMUR', 'PERUM PTC JL . MANINJAU NO. 16 CIBINONG\r\n', '085318058007'),
('PV000066', 'CV. MITRA WIDYA PUTRA', 'JL. PANGERAN SOGIRI KAV. AL HASANAH NO. 23 RT 01/04 BOGOR\r\n', '0251-8344134'),
('PV000067', 'CV. MUAL PAMOLUSINDO', 'GG. KIRAI NO. 31 KP. CIPAYUNG CIBINONG\r\n', '082122112318'),
('PV000068', 'CV. MULIATAMA', 'KP. HARAPAN BARU NO. 11 TEGALWARU CIAMPEA\r\n', '085715537179'),
('PV000069', 'CV. MUTIARA', 'KP. CIBOLANG RT. 03/06 DES. BANJARWANGI CIAWI - BOGOR\r\n', '081574734850'),
('PV000070', 'CV. NILAS JAYA', 'KP. BOLANG NO. 31 DS. ARGAPURA KEC. CIGUDEG KAB. BOGOR\r\n', '0251-8331061'),
('PV000071', 'CV. NIRWANA', 'PERUM CIKEAS PERMAI BLOK B.16 CIKEAS GUNUNG PUTRI-BOGOR\r\n', '021-7711549'),
('PV000072', 'CV. NIRWANA SENTOSA', 'KP. CIKERETEG RT. 01/04 DESA CIDERUM KEC. CARINGIN KAB. BOGOR\r\n', '081289785186'),
('PV000073', 'CV. NUSANTARA SENTOSA', 'BLOK MEDE CIJUJUNG SUKARAJA\r\n', '021-29099383'),
('PV000074', 'CV. PANDAWA PANCA PERKASA', 'JL. MAYJEN H.E. SUKMA NO. 04 RT.03/03 CIAWI - BOGOR\r\n', '0251-8246615'),
('PV000075', 'CV. PESONA DUTA KARYA', 'JL. TEGAR BERIMAN NO. 8 RT. 05./8 SUKAHATI KEC. CIBINONG KAB. BOGOR\r\n', '021-87911300'),
('PV000076', 'CV. PRIMA KARYA MANDIRI', 'JL. RAYA SUKAMANTRI NO. 154 BOGOR,\r\n', '02518389006'),
('PV000077', 'CV. PUJI AGUNG SAKTI', 'JL. RAYA PEMDA SUKAHATI NO. 46/112 CIBINONG\r\n', '021-876601'),
('PV000078', 'CV. PURI NIRWANA TIGA', 'PURI NIRWANA 3 BLOK AE NO. 17 RT 001 RW 014 KEL. KARADENAN KEC. CIBINONG KAB. BOGOR\r\n', '081293522324'),
('PV000079', 'CV. PUTRI PERTIWI', 'PONDOK KENCANA PERMAI BLOK C 2 /250 RT.005/003 KEL. PADASUKA, CIOMAS\r\n', '82112410096'),
('PV000080', 'CV. RAZWA SAPUTRA', 'KP. CINANGNENG RT.05 RT.01 DS. CIHIDEUNG UDIK KEC. CIAMPEA BOGOR\r\n', '085777906769'),
('PV000081', 'CV. RINA JAYA', 'PERUM. TAMAN PAGELARAN JL. APEL II BLOK A. 16/1-3 CIOMAS BOGOR\r\n', '08129221756'),
('PV000082', 'CV. SAPUTRA ZAMUR', 'JL. BANJARWARU NO. 10 CIAWI - BOGOR\r\n', '0251-8244501'),
('PV000083', 'CV. SARANA MUKTI PERSADA', 'PONDOK KENCANA PERMAI BLOK C NO. 105 CIOMAS KAB. BOGOR\r\n', '085776688667'),
('PV000084', 'CV. SERINTUNAN', 'PERUM SURYA PRAJA BLOK C7 NO.12 SUKAHATI CIBINONG KAB.BOGOR\r\n', '(0251)8664852'),
('PV000085', 'CV. SRIKANDI', 'JALAN CIHERANG GEDE NO. : 57 BOGOR\r\n', '0251-621034'),
('PV000086', 'CV. STEVANNY MULIANA', 'JL. GUSTI NGURAH RAI RUKO BTN SIMPANG KLENDER NO. 09 RT.015/002, KEL. KLENDER, KEC. DUREN SAWIT\r\n', '021-84304554'),
('PV000087', 'CV. SURYA GEMILANG', 'NANGGEWER MEKAR RT.01/RW 01 CIBINONG BOGOR\r\n', '0251-85542627'),
('PV000088', 'CV. SWA-BHI EKA PERKASA', 'KP.BUBULAK RT.05 RW.03 DESA CADAS NGAMPAR KECAMATAN SUKARAJA KABUPATEN BOGOR\r\n', '081316518031'),
('PV000089', 'CV. TEGAL SUMUR MANDIRI', 'JL RAYA PEMDA MUARA BERES RT .002/004 SUKAHATI CIBINONG BOGOR\r\n', '021 8780149'),
('PV000090', 'CV. TELADAN', 'JL. HAURJAYA IV NO. 8 RT 05/07 KEL. KEBON PEDES KEC. TANAH SAREAL-KOTA BOGOR\r\n', '0251 8327183'),
('PV000091', 'CV. TERANG CAHAYA ANUGERAH', 'JL. LOGISTIK NO. 57 RT. 005/04 KEL .TUGU SELATAN\r\n', '021-44831547'),
('PV000092', 'CV. TERATAI', 'JL. NUSA INDAH NO. 78 KOMP. IPB 1 RT.001/012 LOJI BOGOR\r\n', '0251-8354212'),
('PV000093', 'CV. TILU DULUR', 'JL. MAKMUR NO. 45 RT.002/004 PONDOK UDIK KEMANG KAB. BOGOR\r\n', '087873908444'),
('PV000094', 'CV. TIRTA AMARTA', 'PERUM. BUMI CIBINONG ENDAH BLOK F 10 SUKAHATI CIBINONG - BOGOR\r\n', '082112410096'),
('PV000095', 'CV. UMMAH PRATAMA', 'PERUM GRAHA PERMAI PAV. BLOK H1 NO. 11 RT.04 RW.02 KEL. TENGAH KEC. CIBINONG KAB. BOGOR\r\n', '021-87923069'),
('PV000096', 'CV. WALISEFI PUTRA', 'KP. TEGAL RW.06 NO. 59 DES. CIAMPEA, KEC. CIAMPEA KAB. BOGOR\r\n', '0251-2196333'),
('PV000097', 'PT. ARDICO ARTHA MULTIMODA', 'KP.TAPOS NO.35 RT.03 RW.01 DESA CILEUNGSI KECAMATAN CIAWI KABUPATEN BOGOR\r\n', '02518343394'),
('PV000098', 'PT. INTAN KARYA BERSAMA', 'JL. MERDEKA NO. 94 A BOGOR\r\n', '0251-8316216'),
('PV000099', 'PT. PANGINDHO HAM MBUE', 'JL. PONDOK KOPI RAYA RUKO MALAKA COUNTRY ESTATE BLOK A/15, JAKARTA TIMUR\r\n', '021-29361660'),
('PV000100', 'PT. WIDYA UTAMA KARYA', 'BOGOR RAYA PERMAI BLOK FA3 NO. 18 RT. 11 RW 03 KEL. CURUG KEC. BOGOR BARAT KOTA BOGOR\r\n', '0'),
('PV000101', 'CV. ORYANO', 'BABAKAN TARIKOLOT RT. 04/08 NANGGEWER KEC. CIBINONG\r\n', '0'),
('PV000102', 'CV. KARYATAMA', 'TAMAN CIBINONG ASRI BLOK F1 NO.26 RT.002 RW.019 KEL. KARADENAN KEC. CIBINONG KAB. BOGOR\r\n', '0'),
('PV000103', 'CV. ARDELLE', 'TAMAN CIBINONG ASRI BLOK F1 NO.26 RT.002 RW.019 KEL. KARADENAN KEC. CIBINONG KAB. BOGOR\r\n', '0'),
('PV000104', 'CV. ALFA CAHAYA', 'JL. MUARA BERES RT. 02/02 KEL. SUKAHATI KEC. CIBINONG KAB.BOGOR\r\n', '0');

-- --------------------------------------------------------

--
-- Table structure for table `ref_subdistrict`
--

CREATE TABLE IF NOT EXISTS `ref_subdistrict` (
  `SUBDISTRICTID` int(11) NOT NULL AUTO_INCREMENT,
  `SUBDISTRICT` varchar(100) NOT NULL,
  PRIMARY KEY (`SUBDISTRICTID`)
) ENGINE=InnoDB  DEFAULT CHARSET=latin1 AUTO_INCREMENT=61 ;

--
-- Dumping data for table `ref_subdistrict`
--

INSERT INTO `ref_subdistrict` (`SUBDISTRICTID`, `SUBDISTRICT`) VALUES
(21, 'CARIU'),
(22, 'TANJUNGSARI'),
(23, 'SUKAMAKMUR'),
(24, 'CISARUA'),
(25, 'JONGGOL'),
(26, 'KLAPANUNGGAL'),
(27, 'CILEUNGSI'),
(28, 'GUNUNGPUTRI'),
(29, 'CITEUREUP'),
(30, 'BABAKAN MADANG'),
(31, 'MEGAMENDUNG'),
(32, 'CIAWI'),
(33, 'CARINGIN'),
(34, 'CIGOMBONG'),
(35, 'CIJERUK'),
(36, 'CIBINONG'),
(37, 'BOJONGGEDE'),
(38, 'TAJURHALANG'),
(39, 'KEMANG'),
(40, 'RANCABUNGUR'),
(41, 'CIAMPEA'),
(42, 'DRAMAGA'),
(43, 'TENJOLAYA'),
(44, 'TAMANSARI'),
(45, 'CIOMAS'),
(46, 'PAMIJAHAN'),
(47, 'LEUWILIANG'),
(48, 'CIBUNGBULANG'),
(49, 'PARUNG'),
(50, 'GUNUNGSINDUR'),
(51, 'CISEENG'),
(52, 'RUMPIN'),
(53, 'NANGGUNG'),
(54, 'SUKAJAYA'),
(55, 'CIGUDEG'),
(56, 'PARUNG PANJANG'),
(57, 'TENJO'),
(58, 'JASINGA'),
(59, 'SUKARAJA'),
(60, 'LEUWISADENG');

-- --------------------------------------------------------

--
-- Table structure for table `ref_supervisor`
--

CREATE TABLE IF NOT EXISTS `ref_supervisor` (
  `SVCODE` varchar(8) NOT NULL,
  `SVNAME` varchar(100) NOT NULL,
  `SVADDRESS` varchar(255) DEFAULT NULL,
  `SVPHONENUMBER` varchar(15) DEFAULT NULL,
  PRIMARY KEY (`SVCODE`)
) ENGINE=InnoDB DEFAULT CHARSET=latin1;

--
-- Dumping data for table `ref_supervisor`
--

INSERT INTO `ref_supervisor` (`SVCODE`, `SVNAME`, `SVADDRESS`, `SVPHONENUMBER`) VALUES
('ADMIN', 'ADMINISTRATOR', NULL, NULL),
('SV000002', 'CV. CAKRA WISMA CIPTA MANDIRI', 'TAMAN PAGELARAN BLOK A 12 NO. 14 CIOMAS BOGOR\r\n', '0'),
('SV000003', 'CV. CATUR PRIMA KARYA', 'CIHERANG HERGASARI RT.003/001. DRAMAGA\r\n', '0'),
('SV000004', 'CV. CIPTA SARANA UTAMA', 'JL. BABAKAN LEBAK RT.01/08 DS. BABAKAN KEC. DRAMAGA\r\n', '0'),
('SV000005', 'CV. CIPTA SELARAS', 'JL. WALET NO. 16 TANAH SAREAL BOGOR\r\n', '0'),
('SV000006', 'CV. FADEL PUTRA', 'JL. CIHERANG BONG RT.03/07 CIHERANG DRAMAGA\r\n', '0'),
('SV000007', 'CV. REKA CIPTA KREASINDO', 'JL. RADEN SALEH NO. 07 RT. 003/008 KEC. SUKMAJAYA - DEPOK\r\n', '0'),
('SV000008', 'CV. KINARYA TEKNIKA', 'JL. JULANG NO.24 KEC. TANAH SAREAL, KOTA BOGOR\r\n', '0'),
('SV000009', 'CV. MARGA JAYA', 'CIMANGGU - KOTA BOGOR\r\n', '0'),
('SV000010', 'CV. MODIVIRA CITRA', 'JL.PARAKAN SALAK NO. 16 KEMANG KAB BOGOR\r\n', '0'),
('SV000011', 'CV. PRISMA CONSULT', 'LALADON BARU NO. 9 CIOMAS -BOGOR\r\n', '0'),
('SV000012', 'CV. ROMPOK RAOS DIMENSI', 'PERUM. ALAM TIRTA LESTARI BLOK A1/10 RT. 011/014 DES. PAGELARAN KEC. CIOMAS KAB. BOGOR\r\n', '0'),
('SV000013', 'CV. SURYA CIPTA LESTARI', 'JL. CIMANENGAH NO. 47 RT. 04/05 KEL. CIPAKU KEC. BOGOR SELATAN\r\n', '0'),
('SV000014', 'PT. DALLA BILLA SEJATI', 'JL. RAYA GUNUNG BATU NO. 223 - BOGOR\r\n', '0'),
('SV000015', 'PT. RATISSA RIZKY MANDIRI', 'JL. BEO NO. 14 TANAH SAREAL BOGOR\r\n', '0'),
('SV000016', 'PT. WINDU EXPOTINDO', 'JL. RAYA PUNCAK KM 80 NO. 11 CISARUA BOGOR\r\n', '0'),
('SV000017', 'CV. DWI DAYA', 'KAUMPANDAK RT 001/010 KEL. KERADENAN KEC. CIBINONG\r\n', '0'),
('SV000018', '-', '-', '0');

-- --------------------------------------------------------

--
-- Table structure for table `ref_userprofile`
--

CREATE TABLE IF NOT EXISTS `ref_userprofile` (
  `USERCODE` varchar(8) NOT NULL,
  `NAME` varchar(100) NOT NULL,
  `ADDRESS` varchar(255) DEFAULT NULL,
  `PHONENUMBER` varchar(15) DEFAULT NULL,
  `SVCODE` varchar(8) NOT NULL,
  PRIMARY KEY (`USERCODE`)
) ENGINE=InnoDB DEFAULT CHARSET=latin1;

--
-- Dumping data for table `ref_userprofile`
--

INSERT INTO `ref_userprofile` (`USERCODE`, `NAME`, `ADDRESS`, `PHONENUMBER`, `SVCODE`) VALUES
('UP000001', 'SUPERADMIN', 'X', '1', 'ADMIN'),
('UP000003', 'ADMIN SD', '-', '123', 'ADMIN'),
('UP000004', 'ADMIN SMP', '-', '1234', 'ADMIN'),
('UP000005', 'ADMIN SMA/SMK', '-', '123456', 'ADMIN'),
('UP000006', 'FULAN', '-', '0', 'SV000011'),
('UP000007', 'RUDI', '-', '0', 'SV000013'),
('UP000008', 'RIFAI', 'CIAMPEA, KAB. BOGOR', '085693267654', 'SV000006');

-- --------------------------------------------------------

--
-- Table structure for table `sys_article`
--

CREATE TABLE IF NOT EXISTS `sys_article` (
  `ARTICLEID` int(11) NOT NULL AUTO_INCREMENT,
  `TITLE` text NOT NULL,
  `ARTICLE` text NOT NULL,
  `STATUS` int(11) NOT NULL,
  PRIMARY KEY (`ARTICLEID`)
) ENGINE=MyISAM  DEFAULT CHARSET=latin1 AUTO_INCREMENT=3 ;

--
-- Dumping data for table `sys_article`
--

INSERT INTO `sys_article` (`ARTICLEID`, `TITLE`, `ARTICLE`, `STATUS`) VALUES
(2, 'BIMTEK', '<p>\r\n</p><b>\r\n\r\n<h3></h3><h1>BIMTEK</h1></b>Sistem Informasi Pengendalian Pembangunan Prasarana Pendidikan <br>Bidang Sarana Prasarana <br><p>Dinas Pendidikan Kabupaten Bogor</p><p><br></p><p><i>Kamis, 12 Mei 2016</i></p><b><p></p>\r\n\r\n\r\n</b><br><blockquote><p><br><i></i></p></blockquote><p></p>', 0);

-- --------------------------------------------------------

--
-- Table structure for table `sys_useraccess`
--

CREATE TABLE IF NOT EXISTS `sys_useraccess` (
  `USERNAME` varchar(50) NOT NULL,
  `PASSWORD` varchar(500) NOT NULL,
  `LEVEL` varchar(20) NOT NULL,
  `STATUS` int(11) NOT NULL,
  `SESSIONID` varchar(100) DEFAULT NULL,
  `USERCODE` varchar(8) NOT NULL,
  `LASTLOGIN` datetime NOT NULL,
  PRIMARY KEY (`USERNAME`)
) ENGINE=InnoDB DEFAULT CHARSET=latin1;

--
-- Dumping data for table `sys_useraccess`
--

INSERT INTO `sys_useraccess` (`USERNAME`, `PASSWORD`, `LEVEL`, `STATUS`, `SESSIONID`, `USERCODE`, `LASTLOGIN`) VALUES
('admin', 'ZQAqXnpFqio=', 'SUPERADMIN', 1, NULL, 'UP000001', '2016-05-16 10:43:53'),
('admin1', 'Zf5rzJ4eBFY=', 'ADMINSD', 0, NULL, 'UP000003', '2016-04-29 11:29:57'),
('admin2', 'rhdOBZVlPi8=', 'ADMINSMP', 0, NULL, 'UP000004', '2016-05-10 14:43:32'),
('admin3', 'XiIy4P+o6z0=', 'ADMINSMA', 0, NULL, 'UP000005', '2016-04-29 11:22:15'),
('rifai', 'ZQAqXnpFqio=', 'USER', 1, NULL, 'UP000008', '2016-05-15 01:45:44'),
('user0001', 'nqHXSa7j6BQ=', 'USER', 1, NULL, 'UP000006', '2016-05-13 07:20:40'),
('user0002', 'UZMft9JV4UU=', 'USER', 1, NULL, 'UP000007', '2016-05-11 20:32:28');

-- --------------------------------------------------------

--
-- Table structure for table `trx_procurement`
--

CREATE TABLE IF NOT EXISTS `trx_procurement` (
  `PROCNUMBER` varchar(10) NOT NULL,
  `PROCDESC` varchar(255) NOT NULL,
  `SUBDISTRICTID` int(11) NOT NULL,
  `SCHOOLLEVEL` varchar(7) NOT NULL,
  `PROCLOCATION` varchar(255) DEFAULT NULL,
  `PVCODE` varchar(8) NOT NULL,
  `CONTRACTVALUE` int(11) NOT NULL,
  `CONTRACTDATE` date NOT NULL,
  `SMPKDATE` date NOT NULL,
  `NUMBEROFDAYS` int(11) DEFAULT NULL,
  `PRECPROGPERDAY` varchar(5) NOT NULL,
  `ENDDATE` date NOT NULL,
  `SVCODE` varchar(8) NOT NULL,
  `PROCTYPECODE` char(4) NOT NULL,
  `CREATED` datetime NOT NULL,
  `UPDATED` datetime NOT NULL,
  `USERLOG` int(11) NOT NULL,
  PRIMARY KEY (`PROCNUMBER`)
) ENGINE=InnoDB DEFAULT CHARSET=latin1;

--
-- Dumping data for table `trx_procurement`
--

INSERT INTO `trx_procurement` (`PROCNUMBER`, `PROCDESC`, `SUBDISTRICTID`, `SCHOOLLEVEL`, `PROCLOCATION`, `PVCODE`, `CONTRACTVALUE`, `CONTRACTDATE`, `SMPKDATE`, `NUMBEROFDAYS`, `PRECPROGPERDAY`, `ENDDATE`, `SVCODE`, `PROCTYPECODE`, `CREATED`, `UPDATED`, `USERLOG`) VALUES
('0008', 'PEMASANGAN CONBLOCK UPT PENDIDIKAN ANAK USIA DINI (PAUD), TAMAN KANAK-KANAK, PENDIDIKAN DASAR DAN PENDIDIKAN MENENGAH XXVII YANG BERKEDUDUKAN DI KECAMATAN CARINGIN', 33, 'SMA', NULL, '-', 0, '0000-00-00', '0000-00-00', 0, '-14.2', '1899-11-29', '-', 'PL01', '0000-00-00 00:00:00', '0000-00-00 00:00:00', 0),
('0039', 'PEMBANGUNAN GEDUNG UPT PENDIDIKAN ANAK USIA DINI (PAUD), TAMAN KANAK-KANAK, PENDIDIKAN DASAR DAN PENDIDIKAN MENENGAH IX YANG BERKEDUDUKAN DI KECAMATAN SUKAMAKMUR', 23, 'SMA', NULL, '-', 0, '0000-00-00', '0000-00-00', 0, '-14.2', '1899-11-29', '-', 'PL02', '0000-00-00 00:00:00', '0000-00-00 00:00:00', 0),
('0044', 'PEMBANGUNAN GEDUNG UPT PENDIDIKAN ANAK USIA DINI (PAUD), TAMAN KANAK-KANAK, PENDIDIKAN DASAR DAN PENDIDIKAN MENENGAH XXXVII YANG BERKEDUDUKAN DI KECAMATAN TAJURHALANG', 38, 'SMA', NULL, '-', 0, '0000-00-00', '0000-00-00', 0, '-14.2', '1899-11-29', '-', 'PL02', '0000-00-00 00:00:00', '0000-00-00 00:00:00', 0),
('0050', 'REHABILITASI BERAT  GEDUNG UPT PENDIDIKAN ANAK USIA DINI (PAUD), TAMAN KANAK-KANAK, PENDIDIKAN DASAR DAN PENDIDIKAN MENENGAH XXIV YANG BERKEDUDUKAN DI KECAMATAN CIAWI', 32, 'SMA', NULL, '-', 0, '0000-00-00', '0000-00-00', 0, '-14.2', '1899-11-29', '-', 'PL02', '0000-00-00 00:00:00', '0000-00-00 00:00:00', 0),
('0051', 'REHABILITASI GEDUNG UPT PENDIDIKAN ANAK USIA DINI (PAUD), TAMAN KANAK-KANAK, PENDIDIKAN DASAR DAN PENDIDIKAN MENENGAH VII YANG BERKEDUDUKAN DI KECAMATAN CARIU', 21, 'SMA', NULL, '-', 0, '0000-00-00', '0000-00-00', 0, '-14.2', '1899-11-29', '-', 'PL02', '0000-00-00 00:00:00', '0000-00-00 00:00:00', 0),
('0052', 'REHABILITASI GEDUNG UPT PENDIDIKAN ANAK USIA DINI (PAUD), TAMAN KANAK-KANAK, PENDIDIKAN DASAR DAN PENDIDIKAN MENENGAH XIX YANG BERKEDUDUKAN DI KECAMATAN JASINGA', 58, 'SMA', NULL, '-', 0, '0000-00-00', '0000-00-00', 0, '-14.2', '1899-11-29', '-', 'PL02', '0000-00-00 00:00:00', '0000-00-00 00:00:00', 0),
('0053', 'PEMBANGUNAN GEDUNG UPT PENDIDIKAN ANAK USIA DINI (PAUD), TAMAN KANAK-KANAK, PENDIDIKAN DASAR DAN PENDIDIKAN MENENGAH XXI YANG BERKEDUDUKAN DI KECAMATAN NANGGUNG', 53, 'SMA', NULL, '-', 0, '0000-00-00', '0000-00-00', 0, '-14.2', '1899-11-29', '-', 'PL02', '0000-00-00 00:00:00', '0000-00-00 00:00:00', 0),
('0054', 'PEMBANGUNAN GEDUNG UPT PENDIDIKAN ANAK USIA DINI (PAUD), TAMAN KANAK-KANAK, PENDIDIKAN DASAR DAN PENDIDIKAN MENENGAH XXXI YANG BERKEDUDUKAN DI KECAMATAN TAMANSARI', 44, 'SMA', NULL, '-', 0, '0000-00-00', '0000-00-00', 0, '-14.2', '1899-11-29', '-', 'PL02', '0000-00-00 00:00:00', '0000-00-00 00:00:00', 0),
('0055', 'REHABILITASI GEDUNG UPT PENDIDIKAN ANAK USIA DINI (PAUD), TAMAN KANAK-KANAK, PENDIDIKAN DASAR DAN PENDIDIKAN MENENGAH IV YANG BERKEDUDUKAN DI KECAMATAN SUKARAJA', 59, 'SMA', NULL, '-', 0, '0000-00-00', '0000-00-00', 0, '-14.2', '1899-11-29', '-', 'PL02', '0000-00-00 00:00:00', '0000-00-00 00:00:00', 0),
('0056', 'REHABILITASI GEDUNG UPT PENDIDIKAN ANAK USIA DINI (PAUD), TAMAN KANAK-KANAK, PENDIDIKAN DASAR DAN PENDIDIKAN MENENGAH VII YANG BERKEDUDUKAN DI KECAMATAN CILEUNGSI', 27, 'SMA', NULL, '-', 0, '0000-00-00', '0000-00-00', 0, '-14.2', '1899-11-29', '-', 'PL01', '0000-00-00 00:00:00', '0000-00-00 00:00:00', 0),
('1002', 'PEMBANGUNAN TURAP PENAHAN TANAH UPT PENDIDIKAN ANAK USIA DINI (PAUD), TAMAN KANAK-KANAK, PENDIDIKAN DASAR DAN PENDIDIKAN MENENGAH XXVII YANG BERKEDUDUKAN DI KECAMATAN CARINGIN', 33, 'SMA', NULL, '-', 0, '0000-00-00', '0000-00-00', 0, '-14.2', '1899-11-29', '-', 'PL01', '0000-00-00 00:00:00', '0000-00-00 00:00:00', 0),
('1100', 'REVITALISASI GEDUNG SKB CIBINONG', 36, 'SMA', NULL, '-', 0, '0000-00-00', '0000-00-00', 0, '-14.2', '1899-11-29', '-', 'PL02', '0000-00-00 00:00:00', '0000-00-00 00:00:00', 0),
('1613', 'PEMBANGUNAN RUANG KELAS BARU SMAN 2 CILEUNGSI', 27, 'SMA', NULL, '-', 0, '0000-00-00', '0000-00-00', 0, '-14.2', '1899-11-29', '-', 'PL02', '0000-00-00 00:00:00', '0000-00-00 00:00:00', 0),
('1614', 'PEMBANGUNAN RKB SMKN 2 CIBINONG', 36, 'SMA', NULL, '-', 0, '0000-00-00', '0000-00-00', 0, '-14.2', '1899-11-29', '-', 'PL02', '0000-00-00 00:00:00', '0000-00-00 00:00:00', 0),
('1616', 'PEMBANGUNAN RKB SMAN 1 RANCABUNGUR', 40, 'SMA', NULL, '-', 0, '0000-00-00', '0000-00-00', 0, '-14.2', '1899-11-29', '-', 'PL02', '0000-00-00 00:00:00', '0000-00-00 00:00:00', 0),
('1620', 'REHABILITASI RUANG BELAJAR SMAN 01 RUMPIN', 52, 'SMA', NULL, '-', 0, '0000-00-00', '0000-00-00', 0, '-14.2', '1899-11-29', '-', 'PL02', '0000-00-00 00:00:00', '0000-00-00 00:00:00', 0),
('1631', 'PEMBANGUNAN TPT SMAN 1 SUKARAJA', 59, 'SMA', NULL, '-', 0, '0000-00-00', '0000-00-00', 0, '-14.2', '1899-11-29', '-', 'PL02', '0000-00-00 00:00:00', '0000-00-00 00:00:00', 0),
('2900', 'PEMBANGUNAN KM/WC SDN TEGALWARU 03', 41, 'SD', NULL, 'PV000034', 87035000, '2016-04-13', '0000-00-00', 60, '1.89%', '2016-06-11', 'SV000011', 'PL01', '0000-00-00 00:00:00', '0000-00-00 00:00:00', 0),
('2901', 'PEMBANGUNAN KM/WC SDN CINANGKA 02', 41, 'SD', NULL, 'PV000038', 87035000, '2016-04-13', '0000-00-00', 60, '1.89%', '2016-06-11', 'SV000011', 'PL01', '0000-00-00 00:00:00', '0000-00-00 00:00:00', 0),
('2902', 'PEMBANGUNAN KM/WC SDN KH.DEWANTORO', 50, 'SD', NULL, 'PV000050', 87035000, '2016-04-13', '0000-00-00', 60, '1.89%', '2016-06-11', 'SV000011', 'PL01', '0000-00-00 00:00:00', '0000-00-00 00:00:00', 0),
('2903', 'PEMBANGUNAN KM/WC SDN CISARANTEN', 60, 'SD', NULL, 'PV000026', 87035000, '2016-03-07', '0000-00-00', 60, '1.89%', '2016-05-05', 'SV000007', 'PL01', '0000-00-00 00:00:00', '0000-00-00 00:00:00', 0),
('2904', 'PEMBANGUNAN KM/WC SDN SITU UDIK', 48, 'SD', NULL, 'PV000004', 87035000, '2016-04-13', '0000-00-00', 60, '1.89%', '2016-06-11', 'SV000011', 'PL01', '0000-00-00 00:00:00', '0000-00-00 00:00:00', 0),
('2905', 'PEMBANGUNAN KM/WC SDN 04 CIARUTEUN ILIR', 48, 'SD', NULL, 'PV000004', 87035000, '2016-04-13', '0000-00-00', 60, '1.89%', '2016-06-11', 'SV000011', 'PL01', '0000-00-00 00:00:00', '0000-00-00 00:00:00', 0),
('2906', 'PEMBANGUNAN KM/WC SDN 01 CIARUTEUN ILIR', 48, 'SD', NULL, 'PV000004', 87035000, '2016-04-13', '0000-00-00', 60, '1.89%', '2016-06-11', 'SV000011', 'PL01', '0000-00-00 00:00:00', '0000-00-00 00:00:00', 0),
('2907', 'PEMBANGUNAN KM/WC SDN CIBITUNG KULON 01', 46, 'SD', NULL, '-', 87035000, '2016-04-13', '0000-00-00', 60, '1.89%', '2016-06-11', 'SV000004', 'PL01', '0000-00-00 00:00:00', '0000-00-00 00:00:00', 0),
('2908', 'PEMBANGUNAN KM/WC SDN 04 GUNUNG BUNDER', 46, 'SD', NULL, 'PV000043', 87035000, '2016-03-04', '0000-00-00', 60, '1.89%', '2016-05-02', 'SV000004', 'PL01', '0000-00-00 00:00:00', '0000-00-00 00:00:00', 0),
('2909', 'PEMBANGUNAN KM/WC SDN 02 GUNUNG BUNDER', 46, 'SD', NULL, 'PV000043', 87035000, '2016-03-04', '0000-00-00', 60, '1.89%', '2016-05-02', 'SV000004', 'PL01', '0000-00-00 00:00:00', '0000-00-00 00:00:00', 0),
('2910', 'PEMBANGUNAN KM/WC SDN 06 GUNUNG PICUNG', 46, 'SD', NULL, 'PV000043', 87035000, '2016-03-07', '0000-00-00', 60, '1.89%', '2016-05-05', 'SV000004', 'PL01', '0000-00-00 00:00:00', '0000-00-00 00:00:00', 0),
('2911', 'PEMBANGUNAN KM/WC SDN 03 GUNUNG BUNDER', 46, 'SD', NULL, 'PV000043', 87035000, '2016-03-04', '0000-00-00', 60, '1.89%', '2016-05-02', 'SV000004', 'PL01', '0000-00-00 00:00:00', '0000-00-00 00:00:00', 0),
('2912', 'PEMBANGUNAN KM/WC SDN BANARA JAYA', 46, 'SD', NULL, 'PV000043', 87035000, '2016-03-07', '0000-00-00', 60, '1.89%', '2016-05-05', 'SV000004', 'PL01', '0000-00-00 00:00:00', '0000-00-00 00:00:00', 0),
('2913', 'PEMBANGUNAN KM/WC SDN BABAKAN 04', 51, 'SD', NULL, 'PV000097', 87035000, '2016-04-13', '0000-00-00', 60, '1.89%', '2016-06-11', 'SV000010', 'PL01', '0000-00-00 00:00:00', '0000-00-00 00:00:00', 0),
('2914', 'PEMBANGUNAN KM/WC SDN PUTATNUTUG 02', 51, 'SD', NULL, 'PV000097', 87035000, '2016-04-13', '0000-00-00', 60, '1.89%', '2016-06-11', 'SV000010', 'PL01', '0000-00-00 00:00:00', '0000-00-00 00:00:00', 0),
('2915', 'PEMBANGUNAN KM/WC SDN BAMBUKUNING', 51, 'SD', NULL, 'PV000062', 87035000, '2016-04-13', '0000-00-00', 60, '1.89%', '2016-06-11', 'SV000010', 'PL01', '0000-00-00 00:00:00', '0000-00-00 00:00:00', 0),
('2916', 'PEMBANGUNAN KM/WC SDN BUKIT CALINGCING', 51, 'SD', NULL, 'PV000062', 87035000, '2016-04-14', '0000-00-00', 60, '1.89%', '2016-06-12', 'SV000010', 'PL01', '0000-00-00 00:00:00', '0000-00-00 00:00:00', 0),
('2917', 'PEMBANGUNAN KM/WC SDN 03 NEGLASARI', 42, 'SD', NULL, '-', 87035000, '2016-04-14', '0000-00-00', 60, '1.89%', '2016-06-12', 'SV000003', 'PL01', '0000-00-00 00:00:00', '0000-00-00 00:00:00', 0),
('2918', 'PEMBANGUNAN KM/WC SDN 01 CILUBANG', 42, 'SD', NULL, '-', 87035000, '2016-04-14', '0000-00-00', 60, '1.89%', '2016-06-12', 'SV000003', 'PL01', '0000-00-00 00:00:00', '0000-00-00 00:00:00', 0),
('2919', 'PEMBANGUNAN KM/WC SDN 04 BABAKAN DRAMAGA', 42, 'SD', NULL, 'PV000030', 87035000, '2016-03-07', '0000-00-00', 60, '1.89%', '2016-05-05', 'SV000003', 'PL01', '0000-00-00 00:00:00', '0000-00-00 00:00:00', 0),
('2920', 'PEMBANGUNAN KM/WC SDN SIRNAGALIH 02', 25, 'SD', NULL, 'PV000077', 87035000, '2016-03-07', '0000-00-00', 60, '1.89%', '2016-05-05', 'SV000005', 'PL01', '0000-00-00 00:00:00', '0000-00-00 00:00:00', 0),
('2921', 'PEMBANGUNAN KM/WC SDN MAMPIR', 27, 'SD', NULL, 'PV000037', 87035000, '2016-04-14', '0000-00-00', 60, '1.89%', '2016-06-12', 'SV000013', 'PL01', '0000-00-00 00:00:00', '0000-00-00 00:00:00', 0),
('2922', 'PEMBANGUNAN KM/WC SDN CIPICUNG 04', 27, 'SD', NULL, 'PV000037', 87035000, '2016-04-14', '0000-00-00', 60, '1.89%', '2016-06-12', 'SV000013', 'PL01', '0000-00-00 00:00:00', '0000-00-00 00:00:00', 0),
('2923', 'PEMBANGUNAN KM/WC SDN CITAYAM 05', 38, 'SD', NULL, '-', 87035000, '2016-04-14', '0000-00-00', 60, '1.89%', '2016-06-12', 'SV000006', 'PL01', '0000-00-00 00:00:00', '0000-00-00 00:00:00', 0),
('2924', 'PEMBANGUNAN KM/WC SDN KANDANG PANJANG 02', 38, 'SD', NULL, 'PV000013', 87035000, '2016-04-14', '0000-00-00', 60, '1.89%', '2016-06-12', 'SV000006', 'PL01', '0000-00-00 00:00:00', '0000-00-00 00:00:00', 0),
('2925', 'PEMBANGUNAN KM/WC SDN KURIPAN 01', 51, 'SD', NULL, 'PV000048', 87035000, '2016-04-14', '0000-00-00', 60, '1.89%', '2016-06-12', 'SV000010', 'PL01', '0000-00-00 00:00:00', '0000-00-00 00:00:00', 0),
('2926', 'PEMBANGUNAN KM/WC SDN NANGGERANG 01', 38, 'SD', NULL, 'PV000043', 87035000, '2016-03-08', '0000-00-00', 60, '1.89%', '2016-05-06', 'SV000006', 'PL01', '0000-00-00 00:00:00', '0000-00-00 00:00:00', 0),
('2927', 'PEMAGARAN SDN BANTARKAMBING 03', 40, 'SD', NULL, 'PV000061', 180418000, '2016-04-14', '0000-00-00', 60, '1.89%', '2016-06-12', 'SV000010', 'PL01', '0000-00-00 00:00:00', '0000-00-00 00:00:00', 0),
('2928', 'PEMBANGUNAN KM/WC SDN TEGALWARU  01', 41, 'SD', NULL, 'PV000002', 87035000, '2016-04-14', '0000-00-00', 60, '1.89%', '2016-06-12', 'SV000011', 'PL01', '0000-00-00 00:00:00', '0000-00-00 00:00:00', 0),
('2929', 'PEMBANGUNAN KM/WC SDN CINANGKA  01', 41, 'SD', NULL, 'PV000068', 87035000, '2016-03-08', '0000-00-00', 60, '1.89%', '2016-05-06', 'SV000011', 'PL01', '0000-00-00 00:00:00', '0000-00-00 00:00:00', 0),
('2930', 'PEMBANGUNAN KM/WC SDN CIJUJUNG 02', 48, 'SD', NULL, 'PV000065', 87035000, '2016-04-14', '0000-00-00', 60, '1.89%', '2016-06-12', 'SV000011', 'PL01', '0000-00-00 00:00:00', '0000-00-00 00:00:00', 0),
('2931', 'PEMBANGUNAN KM/WC SDN CARIU 02', 21, 'SD', NULL, 'PV000055', 87035000, '2016-04-14', '0000-00-00', 60, '1.89%', '2016-06-12', 'SV000005', 'PL01', '0000-00-00 00:00:00', '0000-00-00 00:00:00', 0),
('2932', 'PEMBANGUNAN KM/WC SDN CIANTEN 02', 47, 'SD', NULL, 'PV000026', 87035000, '2016-03-04', '0000-00-00', 60, '1.89%', '2016-05-02', 'SV000002', 'PL01', '0000-00-00 00:00:00', '0000-00-00 00:00:00', 0),
('2934', 'PEMBANGUNAN KM/WC SDN LALADON 03', 45, 'SD', NULL, '-', 87035000, '2016-04-14', '0000-00-00', 60, '1.89%', '2016-06-12', 'SV000003', 'PL01', '0000-00-00 00:00:00', '0000-00-00 00:00:00', 0),
('2936', 'PEMBANGUNAN KM/WC SDN TAMANSARI 03', 44, 'SD', NULL, 'PV000034', 87035000, '2016-04-15', '0000-00-00', 60, '1.89%', '2016-06-13', 'SV000003', 'PL01', '0000-00-00 00:00:00', '0000-00-00 00:00:00', 0),
('2937', 'PEMBANGUNAN KM/WC SDN NAMBO 01', 26, 'SD', NULL, 'PV000055', 87035000, '2016-03-08', '0000-00-00', 60, '1.89%', '2016-05-06', 'SV000012', 'PL01', '0000-00-00 00:00:00', '0000-00-00 00:00:00', 0),
('2938', 'PEMBANGUNAN KM/WC SDN CIPELANG 01', 35, 'SD', NULL, 'PV000040', 87035000, '2016-04-15', '0000-00-00', 60, '1.89%', '2016-06-13', 'SV000009', 'PL01', '0000-00-00 00:00:00', '0000-00-00 00:00:00', 0),
('2939', 'PEMBANGUNAN KM/WC SDN TANJUNG', 50, 'SD', NULL, 'PV000032', 87035000, '2016-04-15', '0000-00-00', 60, '1.89%', '2016-06-13', 'SV000011', 'PL01', '0000-00-00 00:00:00', '0000-00-00 00:00:00', 0),
('2940', 'PEMBANGUNAN KM/WC SDN CIBADUNG 01', 50, 'SD', NULL, 'PV000032', 87035000, '2016-04-15', '0000-00-00', 60, '1.89%', '2016-06-13', 'SV000011', 'PL01', '0000-00-00 00:00:00', '0000-00-00 00:00:00', 0),
('2941', 'PEMBANGUNAN KM/WC SDN BOJONG', 59, 'SD', NULL, 'PV000091', 87035000, '2016-04-15', '0000-00-00', 60, '1.89%', '2016-06-13', 'SV000011', 'PL01', '0000-00-00 00:00:00', '0000-00-00 00:00:00', 0),
('2942', 'PEMBANGUNAN KM/WC SDN CIJUJUNG 01', 59, 'SD', NULL, 'PV000091', 87035000, '2016-04-15', '0000-00-00', 60, '1.89%', '2016-06-13', 'SV000011', 'PL01', '0000-00-00 00:00:00', '0000-00-00 00:00:00', 0),
('2943', 'PEMBANGUNAN KM/WC SDN CIJUJUNG 02', 59, 'SD', NULL, 'PV000049', 87035000, '2016-04-15', '0000-00-00', 60, '1.89%', '2016-06-13', 'SV000011', 'PL01', '0000-00-00 00:00:00', '0000-00-00 00:00:00', 0),
('2944', 'PEMBANGUNAN KM/WC SDN CIJUJUNG 03', 59, 'SD', NULL, 'PV000049', 87035000, '2016-04-15', '0000-00-00', 60, '1.89%', '2016-06-13', 'SV000011', 'PL01', '0000-00-00 00:00:00', '0000-00-00 00:00:00', 0),
('2945', 'PEMBANGUNAN KM/WC SDN CIJUJUNG TENGAH', 59, 'SD', NULL, 'PV000091', 87035000, '2016-04-15', '0000-00-00', 60, '1.89%', '2016-06-13', 'SV000011', 'PL01', '0000-00-00 00:00:00', '0000-00-00 00:00:00', 0),
('2946', 'PEMBANGUNAN KM/WC SDN CIKEAS 01', 59, 'SD', NULL, 'PV000092', 87035000, '2016-03-07', '0000-00-00', 60, '1.89%', '2016-05-05', 'SV000011', 'PL01', '0000-00-00 00:00:00', '0000-00-00 00:00:00', 0),
('2947', 'PEMBANGUNAN KM/WC SDN CIKEAS 02', 59, 'SD', NULL, 'PV000023', 87035000, '2016-03-07', '0000-00-00', 60, '1.89%', '2016-05-05', 'SV000011', 'PL01', '0000-00-00 00:00:00', '0000-00-00 00:00:00', 0),
('2948', 'PEMBANGUNAN KM/WC SDN CIKEAS 05', 59, 'SD', NULL, 'PV000011', 87035000, '2016-04-15', '0000-00-00', 60, '1.89%', '2016-06-13', 'SV000011', 'PL01', '0000-00-00 00:00:00', '0000-00-00 00:00:00', 0),
('2949', 'PEMBANGUNAN KM/WC SDN CILEBUT 02', 59, 'SD', NULL, 'PV000011', 87035000, '2016-04-15', '0000-00-00', 60, '1.89%', '2016-06-13', 'SV000011', 'PL01', '0000-00-00 00:00:00', '0000-00-00 00:00:00', 0),
('2950', 'PEMBANGUNAN KM/WC SDN CILEBUT 03', 59, 'SD', NULL, 'PV000011', 87035000, '2016-03-04', '0000-00-00', 60, '1.89%', '2016-05-02', 'SV000011', 'PL01', '0000-00-00 00:00:00', '0000-00-00 00:00:00', 0),
('2951', 'PEMBANGUNAN KM/WC SDN CILUAR 01', 59, 'SD', NULL, 'PV000034', 87035000, '2016-03-04', '0000-00-00', 60, '1.89%', '2016-05-02', 'SV000011', 'PL01', '0000-00-00 00:00:00', '0000-00-00 00:00:00', 0),
('2952', 'PEMBANGUNAN KM/WC SDN CILUAR 02', 59, 'SD', NULL, 'PV000011', 87035000, '2016-03-04', '0000-00-00', 60, '1.89%', '2016-05-02', 'SV000011', 'PL01', '0000-00-00 00:00:00', '0000-00-00 00:00:00', 0),
('2953', 'PEMBANGUNAN KM/WC SDN GUNUNGGEULIS 01', 59, 'SD', NULL, 'PV000066', 87035000, '2016-04-15', '0000-00-00', 60, '1.89%', '2016-06-13', 'SV000011', 'PL01', '0000-00-00 00:00:00', '0000-00-00 00:00:00', 0),
('2954', 'PEMBANGUNAN KM/WC SDN GUNUNGGEULIS 02', 59, 'SD', NULL, 'PV000038', 87035000, '2016-03-07', '0000-00-00', 60, '1.89%', '2016-05-05', 'SV000011', 'PL01', '0000-00-00 00:00:00', '0000-00-00 00:00:00', 0),
('2955', 'PEMBANGUNAN KM/WC SDN KEBON KALAPA', 59, 'SD', NULL, 'PV000038', 87035000, '2016-03-07', '0000-00-00', 60, '1.89%', '2016-05-05', 'SV000011', 'PL01', '0000-00-00 00:00:00', '0000-00-00 00:00:00', 0),
('2956', 'PEMBANGUNAN KM/WC SDN KDH SERIKAT 01', 59, 'SD', NULL, 'PV000038', 87035000, '2016-03-07', '0000-00-00', 60, '1.89%', '2016-05-05', 'SV000011', 'PL01', '0000-00-00 00:00:00', '0000-00-00 00:00:00', 0),
('2957', 'PEMBANGUNAN KM/WC SDN NAGRAK 02', 59, 'SD', NULL, 'PV000070', 87035000, '2016-03-07', '0000-00-00', 60, '1.89%', '2016-05-05', 'SV000011', 'PL01', '0000-00-00 00:00:00', '0000-00-00 00:00:00', 0),
('2958', 'PEMBANGUNAN KM/WC SDN PASIRLAJA 01', 59, 'SD', NULL, 'PV000040', 87035000, '2016-03-07', '0000-00-00', 60, '1.89%', '2016-05-05', 'SV000011', 'PL01', '0000-00-00 00:00:00', '0000-00-00 00:00:00', 0),
('2959', 'PEMBANGUNAN KM/WC SDN PASIRLAJA 03', 59, 'SD', NULL, 'PV000079', 87035000, '2016-03-07', '0000-00-00', 60, '1.89%', '2016-05-05', 'SV000011', 'PL01', '0000-00-00 00:00:00', '0000-00-00 00:00:00', 0),
('2960', 'PEMBANGUNAN KM/WC SDN BOJONGJENGKOL 02', 41, 'SD', NULL, 'PV000012', 87035000, '2016-03-07', '0000-00-00', 60, '1.89%', '2016-05-05', 'SV000011', 'PL01', '0000-00-00 00:00:00', '0000-00-00 00:00:00', 0),
('2961', 'PEMAGARAN SDN CICADAS 03 KEC. GUNUNGPUTRI', 28, 'SD', NULL, 'PV000099', 143163000, '2016-04-15', '0000-00-00', 60, '1.89%', '2016-06-13', 'SV000013', 'PL01', '0000-00-00 00:00:00', '0000-00-00 00:00:00', 0),
('2962', 'PEMAGARAN SDN BANTARKAMBING 06', 40, 'SD', NULL, 'PV000036', 180418000, '2016-04-15', '0000-00-00', 60, '1.89%', '2016-06-13', 'SV000010', 'PL01', '0000-00-00 00:00:00', '0000-00-00 00:00:00', 0),
('2963', 'PEMAGARAN SDN TEGALBENTENG', 21, 'SD', NULL, 'PV000071', 151545000, '2016-03-08', '0000-00-00', 60, '1.89%', '2016-05-06', 'SV000005', 'PL01', '0000-00-00 00:00:00', '0000-00-00 00:00:00', 0),
('2964', 'PEMAGARAN SDN GUNUNGBUNDER  02', 46, 'SD', NULL, 'PV000045', 161790000, '2016-04-18', '0000-00-00', 60, '1.89%', '2016-06-16', 'SV000004', 'PL01', '0000-00-00 00:00:00', '0000-00-00 00:00:00', 0),
('2965', 'PEMAGARAN SDN PASIRGAOK  02', 40, 'SD', NULL, 'PV000086', 72604000, '2016-04-18', '0000-00-00', 60, '1.89%', '2016-06-16', 'SV000010', 'PL01', '0000-00-00 00:00:00', '0000-00-00 00:00:00', 0),
('2966', 'PEMASANGAN PAVING BLOCK  SDN NANGGERANG 01', 38, 'SD', NULL, '-', 0, '2016-04-18', '0000-00-00', 60, '1.89%', '2016-06-16', 'SV000006', 'PL01', '0000-00-00 00:00:00', '0000-00-00 00:00:00', 0),
('2967', 'PEMASANGAN PAVING BLOCK  SDN CILEUNGSI', 27, 'SD', NULL, '-', 0, '2016-04-18', '0000-00-00', 60, '1.89%', '2016-06-16', 'SV000013', 'PL01', '0000-00-00 00:00:00', '0000-00-00 00:00:00', 0),
('2968', 'PEMASANGAN PAVING BLOCK  SDN CIPENJO', 27, 'SD', NULL, '-', 0, '2016-04-18', '0000-00-00', 60, '1.89%', '2016-06-16', 'SV000013', 'PL01', '0000-00-00 00:00:00', '0000-00-00 00:00:00', 0),
('2969', 'PEMAGARAN SDN BOJONGMURNI', 32, 'SD', NULL, 'PV000074', 175425000, '2016-03-04', '0000-00-00', 60, '1.89%', '2016-05-02', 'SV000008', 'PL01', '0000-00-00 00:00:00', '0000-00-00 00:00:00', 0),
('2970', 'PEMBANGUNAN KM/WC SDN JAMBU', 59, 'SD', NULL, 'PV000010', 87035000, '2016-04-13', '0000-00-00', 60, '1.89%', '2016-06-11', 'SV000011', 'PL01', '0000-00-00 00:00:00', '0000-00-00 00:00:00', 0),
('2971', 'PEMBANGUNAN KM/WC CIBADAK 01', 41, 'SD', NULL, 'PV000043', 87035000, '2016-04-14', '0000-00-00', 60, '1.89%', '2016-06-12', 'SV000011', 'PL01', '0000-00-00 00:00:00', '0000-00-00 00:00:00', 0),
('5086', 'REHABILITASI SDN PANGKALJAYA', 53, 'SD', NULL, 'PV000009', 134462000, '2016-04-25', '0000-00-00', 60, '1.89%', '2016-06-23', 'SV000002', 'PL01', '0000-00-00 00:00:00', '0000-00-00 00:00:00', 0),
('5091', 'REHABILITASI SDN BUNAR 02', 55, 'SD', NULL, 'PV000099', 134462000, '2016-04-18', '0000-00-00', 60, '1.89%', '2016-06-16', 'SV000011', 'PL01', '0000-00-00 00:00:00', '0000-00-00 00:00:00', 0),
('5136', 'REHABILITASI SDN PASIRMADANG 02', 54, 'SD', NULL, 'PV000099', 134462000, '2016-04-18', '0000-00-00', 60, '1.89%', '2016-06-16', 'SV000011', 'PL01', '0000-00-00 00:00:00', '0000-00-00 00:00:00', 0),
('5142', 'REHABILITASI SDN KALISUREN 01', 38, 'SD', NULL, 'PV000091', 134462000, '2016-04-18', '0000-00-00', 60, '1.89%', '2016-06-16', 'SV000006', 'PL01', '0000-00-00 00:00:00', '0000-00-00 00:00:00', 0),
('5156', 'REHABILITASI RUANG KANTOR GURU SDN GUNUNGPICUNG 04', 46, 'SD', NULL, 'PV000053', 104682000, '2016-04-15', '0000-00-00', 60, '1.89%', '2016-06-13', 'SV000004', 'PL01', '0000-00-00 00:00:00', '0000-00-00 00:00:00', 0),
('5157', 'REHABILITASI RUANG KANTOR GURU SDN BALEKAMBANG  03', 25, 'SD', NULL, 'PV000078', 104682000, '2016-04-18', '0000-00-00', 60, '1.89%', '2016-06-16', 'SV000005', 'PL01', '0000-00-00 00:00:00', '0000-00-00 00:00:00', 0),
('5163', 'REHABILITASI SDN GUNUNGBUNDER 03', 46, 'SD', NULL, 'PV000009', 193141000, '2016-04-25', '0000-00-00', 60, '1.89%', '2016-06-23', 'SV000004', 'PL01', '0000-00-00 00:00:00', '0000-00-00 00:00:00', 0),
('7001', 'PENYELESAIAN PEMBANGUNAN RKB SDN CIBINONG 04', 36, 'SD', NULL, 'PV000061', 142502000, '2016-03-08', '0000-00-00', 30, '4.35%', '2016-04-06', 'SV000016', 'PL01', '0000-00-00 00:00:00', '0000-00-00 00:00:00', 0),
('7002', 'PENYELESAIAN PEMBANGUNAN RKB SDN CIPAYUNG 01', 36, 'SD', NULL, 'PV000052', 135516000, '2016-03-08', '0000-00-00', 30, '4.35%', '2016-04-06', 'SV000016', 'PL01', '0000-00-00 00:00:00', '0000-00-00 00:00:00', 0),
('7003', 'PENYELESAIAN PEMBANGUNAN RKB SDN MUARA BERES', 36, 'SD', NULL, 'PV000016', 82712000, '2016-03-04', '0000-00-00', 30, '4.35%', '2016-04-02', 'SV000016', 'PL01', '0000-00-00 00:00:00', '0000-00-00 00:00:00', 0),
('7004', 'PENYELESAIAN PEMBANGUNAN RKB SDN PAKANSARI 01', 36, 'SD', NULL, 'PV000016', 104045000, '2016-03-04', '0000-00-00', 30, '4.35%', '2016-04-02', 'SV000016', 'PL01', '0000-00-00 00:00:00', '0000-00-00 00:00:00', 0),
('7005', 'PENYELESAIAN PEMBANGUNAN RKB SDN SANGGAR JAYA', 36, 'SD', NULL, 'PV000069', 125385000, '2016-03-04', '0000-00-00', 30, '4.35%', '2016-04-02', 'SV000016', 'PL01', '0000-00-00 00:00:00', '0000-00-00 00:00:00', 0),
('7006', 'PENYELESAIAN PEMBANGUNAN RKB SDN KARANG ASEM TIMUR 02', 29, 'SD', NULL, 'PV000042', 125385000, '2016-03-04', '0000-00-00', 30, '4.35%', '2016-04-02', 'SV000016', 'PL01', '0000-00-00 00:00:00', '0000-00-00 00:00:00', 0),
('7007', 'PENYELESAIAN PEMBANGUNAN RKB SDN CITARINGGUL 04', 30, 'SD', NULL, '-', 53457000, '2016-03-04', '0000-00-00', 30, '4.35%', '2016-04-02', 'SV000016', 'PL01', '0000-00-00 00:00:00', '0000-00-00 00:00:00', 0),
('7008', 'PENYELESAIAN PEMBANGUNAN RKB  SDN CITRA INDAH', 25, 'SD', NULL, 'PV000098', 170369000, '2016-03-04', '0000-00-00', 30, '4.35%', '2016-04-02', 'SV000005', 'PL01', '0000-00-00 00:00:00', '0000-00-00 00:00:00', 0),
('7009', 'PENYELESAIAN PEMBANGUNAN RKB SDN COGREG 01', 49, 'SD', NULL, 'PV000084', 104045000, '2016-04-13', '0000-00-00', 30, '4.35%', '2016-05-12', 'SV000006', 'PL01', '0000-00-00 00:00:00', '0000-00-00 00:00:00', 0),
('7011', 'PENYELESAIAN PEMBANGUNAN RKB SDN CIBATOK 01', 48, 'SD', NULL, 'PV000076', 145712000, '2016-03-04', '0000-00-00', 30, '4.35%', '2016-04-02', 'SV000011', 'PL01', '0000-00-00 00:00:00', '0000-00-00 00:00:00', 0),
('7012', 'PENYELESAIAN PEMBANGUNAN RKB SDN CIBATOK 03', 48, 'SD', NULL, 'PV000054', 145712000, '2016-03-04', '0000-00-00', 30, '4.35%', '2016-04-02', 'SV000011', 'PL01', '0000-00-00 00:00:00', '0000-00-00 00:00:00', 0),
('7013', 'PENYELESAIAN PEMBANGUNAN RKB SDN LEUWEUNG KOLOT 01', 48, 'SD', NULL, 'PV000012', 145712000, '2016-03-04', '0000-00-00', 30, '4.35%', '2016-04-02', 'SV000011', 'PL01', '0000-00-00 00:00:00', '0000-00-00 00:00:00', 0),
('7015', 'PENYELESAIAN PEMBANGUNAN RKB SDN SIPAK 01', 58, 'SD', NULL, 'PV000060', 53726000, '2016-03-04', '0000-00-00', 30, '4.35%', '2016-04-02', 'SV000007', 'PL01', '0000-00-00 00:00:00', '0000-00-00 00:00:00', 0),
('7016', 'PENYELESAIAN PEMBANGUNAN RKB SDN PARAKANMUNCANG 02', 53, 'SD', NULL, 'PV000057', 104045000, '2016-03-04', '0000-00-00', 30, '4.35%', '2016-04-02', 'SV000002', 'PL01', '0000-00-00 00:00:00', '0000-00-00 00:00:00', 0),
('7017', 'PENYELESAIAN PEMBANGUNAN RKB  SDN RIMBA KENCANA', 53, 'SD', NULL, 'PV000051', 106986000, '2016-03-04', '0000-00-00', 30, '4.35%', '2016-04-02', 'SV000002', 'PL01', '0000-00-00 00:00:00', '0000-00-00 00:00:00', 0),
('7018', 'PENYELESAIAN PEMBANGUNAN RKB SDN BABAKAN DRAMAGA 04', 42, 'SD', NULL, 'PV000020', 165467000, '2016-03-07', '0000-00-00', 30, '4.35%', '2016-04-05', 'SV000003', 'PL01', '0000-00-00 00:00:00', '0000-00-00 00:00:00', 0),
('7019', 'PENYELESAIAN PEMBANGUNAN RKB SDN CIHERANG 02', 42, 'SD', NULL, 'PV000012', 33114000, '2016-03-04', '0000-00-00', 30, '4.35%', '2016-04-02', 'SV000003', 'PL01', '0000-00-00 00:00:00', '0000-00-00 00:00:00', 0),
('7020', 'PENYELESAIAN PEMBANGUNAN RKB SDN CIHERANG 04', 42, 'SD', NULL, 'PV000020', 165467000, '2016-03-07', '0000-00-00', 30, '4.35%', '2016-04-05', 'SV000003', 'PL01', '0000-00-00 00:00:00', '0000-00-00 00:00:00', 0),
('7021', 'PENYELESAIAN PEMBANGUNAN RKB SDN BANJARSARI 02', 32, 'SD', NULL, 'PV000082', 104045000, '2016-03-04', '0000-00-00', 30, '4.35%', '2016-04-02', 'SV000008', 'PL01', '0000-00-00 00:00:00', '0000-00-00 00:00:00', 0),
('7022', 'PENYELESAIAN PEMBANGUNAN RKB SDN JAMBULUWUK 02', 32, 'SD', NULL, 'PV000035', 125388000, '2016-03-04', '0000-00-00', 30, '4.35%', '2016-04-02', 'SV000008', 'PL01', '0000-00-00 00:00:00', '0000-00-00 00:00:00', 0),
('7023', 'PENYELESAIAN PEMBANGUNAN RKB SDN TELUKPINANG 02', 32, 'SD', NULL, 'PV000010', 104094000, '2016-03-04', '0000-00-00', 30, '4.35%', '2016-04-02', 'SV000008', 'PL01', '0000-00-00 00:00:00', '0000-00-00 00:00:00', 0),
('7024', 'PENYELESAIAN PEMBANGUNAN RKB SDN CINAGARA 01', 33, 'SD', NULL, 'PV000062', 51643000, '2016-03-04', '0000-00-00', 30, '4.35%', '2016-04-02', 'SV000008', 'PL01', '0000-00-00 00:00:00', '0000-00-00 00:00:00', 0),
('7025', 'PENYELESAIAN PEMBANGUNAN RKB SDN PANCAWATI 01', 33, 'SD', NULL, 'PV000097', 105173000, '2016-03-04', '0000-00-00', 30, '4.35%', '2016-04-02', 'SV000008', 'PL01', '0000-00-00 00:00:00', '0000-00-00 00:00:00', 0),
('7026', 'PENYELESAIAN PEMBANGUNAN RKB SDN KANDANG PANJANG 01', 38, 'SD', NULL, 'PV000024', 100075000, '2016-04-15', '0000-00-00', 30, '4.35%', '2016-05-14', 'SV000006', 'PL01', '0000-00-00 00:00:00', '0000-00-00 00:00:00', 0),
('7027', 'PENYELESAIAN PEMBANGUNAN RKB SDN KARTIKA SEJAHTERA 01', 38, 'SD', NULL, 'PV000059', 82869000, '2016-04-13', '0000-00-00', 30, '4.35%', '2016-05-12', 'SV000006', 'PL01', '0000-00-00 00:00:00', '0000-00-00 00:00:00', 0),
('7028', 'PENYELESAIAN PEMBANGUNAN RKB SDN TONJONG 02', 38, 'SD', NULL, 'PV000098', 59339000, '2016-03-04', '0000-00-00', 30, '4.35%', '2016-04-02', 'SV000006', 'PL01', '0000-00-00 00:00:00', '0000-00-00 00:00:00', 0),
('7029', 'PENYELESAIAN PEMBANGUNAN RKB SDN GUNUNGSINDUR 03', 50, 'SD', NULL, 'PV000020', 187525000, '2016-03-07', '0000-00-00', 30, '4.35%', '2016-04-05', 'SV000011', 'PL01', '0000-00-00 00:00:00', '0000-00-00 00:00:00', 0),
('7030', 'PENYELESAIAN PEMBANGUNAN RKB SDN PABUARAN 03', 23, 'SD', NULL, 'PV000084', 39241000, '2016-03-04', '0000-00-00', 30, '4.35%', '2016-04-02', 'SV000015', 'PL01', '0000-00-00 00:00:00', '0000-00-00 00:00:00', 0),
('7031', 'PENYELESAIAN PEMBANGUNAN RKB SDN CIKUDA 01', 56, 'SD', NULL, 'PV000058', 39241000, '2016-03-07', '0000-00-00', 30, '4.35%', '2016-04-05', 'SV000014', 'PL01', '0000-00-00 00:00:00', '0000-00-00 00:00:00', 0),
('7032', 'PENYELESAIAN PEMBANGUNAN RKB SDN BOJONG KULUR 04', 28, 'SD', NULL, 'PV000099', 61300000, '2016-03-04', '0000-00-00', 30, '4.35%', '2016-04-02', 'SV000013', 'PL01', '0000-00-00 00:00:00', '0000-00-00 00:00:00', 0),
('7033', 'PENYELESAIAN PEMBANGUNAN RKB SDN CIANGSANA 04', 28, 'SD', NULL, 'PV000059', 61300000, '2016-04-14', '0000-00-00', 30, '4.35%', '2016-05-13', 'SV000013', 'PL01', '0000-00-00 00:00:00', '0000-00-00 00:00:00', 0),
('7034', 'PENYELESAIAN PEMBANGUNAN RKB  NANGGEWER 04', 36, 'SD', NULL, 'PV000059', 93653000, '2016-04-15', '0000-00-00', 30, '4.35%', '2016-05-14', 'SV000016', 'PL01', '0000-00-00 00:00:00', '0000-00-00 00:00:00', 0),
('7035', 'PENYELESAIAN PEMBANGUNAN RKB SDN SINGASARI 03', 25, 'SD', NULL, 'PV000071', 172084000, '2016-03-04', '0000-00-00', 30, '4.35%', '2016-04-02', 'SV000005', 'PL01', '0000-00-00 00:00:00', '0000-00-00 00:00:00', 0),
('7036', 'PENYELESAIAN PEMBANGUNAN RKB SDN SIRNAJAYA 03', 23, 'SD', NULL, 'PV000084', 26055000, '2016-03-04', '0000-00-00', 30, '4.35%', '2016-04-02', 'SV000015', 'PL01', '0000-00-00 00:00:00', '0000-00-00 00:00:00', 0),
('7037', 'PENYELESAIAN REHABILITASI SDN CIMENYAN  (RENCANA BERTINGKAT)', 23, 'SD', NULL, 'PV000084', 26986000, '2016-03-04', '0000-00-00', 30, '4.35%', '2016-04-02', 'SV000015', 'PL01', '0000-00-00 00:00:00', '0000-00-00 00:00:00', 0),
('7038', 'PENYELESAIAN REHABILITASI SDN BANJARSARI 02  (RENCANA BERTINGKAT)', 32, 'SD', NULL, 'PV000082', 23310000, '2016-03-04', '0000-00-00', 30, '4.35%', '2016-04-02', 'SV000008', 'PL01', '0000-00-00 00:00:00', '0000-00-00 00:00:00', 0),
('7039', 'PENYELESAIAN REHABILITASI SDN CIKERETEG 03  (RENCANA BERTINGKAT)', 33, 'SD', NULL, 'PV000090', 102231000, '2016-03-04', '0000-00-00', 30, '4.35%', '2016-04-02', 'SV000008', 'PL01', '0000-00-00 00:00:00', '0000-00-00 00:00:00', 0),
('7040', 'PENYELESAIAN REHABILITASI SDN TEGAL 04 KEC. KEMANG (RENCANA BERTINGKAT)', 39, 'SD', NULL, 'PV000010', 84584000, '2016-03-04', '0000-00-00', 30, '4.35%', '2016-04-02', 'SV000006', 'PL01', '0000-00-00 00:00:00', '0000-00-00 00:00:00', 0),
('7041', 'PENYELESAIAN REHABILITASI SDN KLAPANUNGGAL 01  (RENCANA BERTINGKAT)', 26, 'SD', NULL, 'PV000094', 113016000, '2016-03-04', '0000-00-00', 30, '4.35%', '2016-04-02', 'SV000012', 'PL01', '0000-00-00 00:00:00', '0000-00-00 00:00:00', 0),
('7042', 'PENYELESAIAN REHABILITASI SDN JONGGOL 02  (RENCANA BERTINGKAT)', 25, 'SD', NULL, '-', 151251000, '2016-03-04', '0000-00-00', 30, '4.35%', '2016-04-02', 'SV000005', 'PL01', '0000-00-00 00:00:00', '0000-00-00 00:00:00', 0),
('7043', 'PENYELESAIAN REHABILITASI SDN SANGGAR JAYA  (RENCANA BERTINGKAT)', 36, 'SD', NULL, 'PV000069', 35565000, '2016-03-04', '0000-00-00', 30, '4.35%', '2016-04-02', 'SV000016', 'PL01', '0000-00-00 00:00:00', '0000-00-00 00:00:00', 0),
('7044', 'PENYELESAIAN REHABILITASI SDN ANGSANA 02', 47, 'SD', NULL, 'PV000042', 81153000, '2016-03-04', '0000-00-00', 30, '4.35%', '2016-04-02', 'SV000002', 'PL01', '0000-00-00 00:00:00', '0000-00-00 00:00:00', 0),
('7045', 'PENYELESAIAN PEMBANGUNAN RKB SDN CIKARET JAYA', 36, 'SD', NULL, 'PV000083', 66447000, '2016-03-04', '0000-00-00', 30, '4.35%', '2016-04-02', 'SV000016', 'PL01', '0000-00-00 00:00:00', '0000-00-00 00:00:00', 0),
('7046', 'PENYELESAIAN PEMBANGUNAN RKB SDN KOPI JAYA', 36, 'SD', NULL, 'PV000044', 66447000, '2016-03-04', '0000-00-00', 30, '4.35%', '2016-04-02', 'SV000016', 'PL01', '0000-00-00 00:00:00', '0000-00-00 00:00:00', 0),
('7047', 'PENYELESAIAN PEMBANGUNAN RKB SDN NANGGEWER 03', 36, 'SD', NULL, '-', 81153000, '2016-03-04', '0000-00-00', 30, '4.35%', '2016-04-02', 'SV000016', 'PL01', '0000-00-00 00:00:00', '0000-00-00 00:00:00', 0),
('7048', 'PENYELESAIAN PEMBANGUNAN RKB SDN CIHIDEUNG ILIR 04', 41, 'SD', NULL, 'PV000038', 126251000, '2016-03-07', '0000-00-00', 30, '4.35%', '2016-04-05', 'SV000011', 'PL01', '0000-00-00 00:00:00', '0000-00-00 00:00:00', 0),
('7049', 'PENYELESAIAN PEMBANGUNAN RKB SDN CURUGDENGDENG', 33, 'SD', NULL, 'PV000040', 90957000, '2016-04-13', '0000-00-00', 30, '4.35%', '2016-05-12', 'SV000008', 'PL01', '0000-00-00 00:00:00', '0000-00-00 00:00:00', 0),
('7050', 'PENYELESAIAN PEMBANGUNAN RKB SDN GADOG 02', 44, 'SD', NULL, 'PV000096', 106643000, '2016-03-07', '0000-00-00', 30, '4.35%', '2016-04-05', 'SV000003', 'PL01', '0000-00-00 00:00:00', '0000-00-00 00:00:00', 0),
('7051', 'PENYELESAIAN PEMBANGUNAN RKB SDN CIBURAYUT 01', 34, 'SD', NULL, 'PV000040', 108604000, '2016-03-07', '0000-00-00', 30, '4.35%', '2016-04-05', 'SV000009', 'PL01', '0000-00-00 00:00:00', '0000-00-00 00:00:00', 0),
('7052', 'PENYELESAIAN REHABILITASI SDN CIKARET 01  (RENCANA BERTINGKAT)', 36, 'SD', NULL, 'PV000083', 23310000, '2016-03-04', '0000-00-00', 30, '4.35%', '2016-04-02', 'SV000016', 'PL01', '0000-00-00 00:00:00', '0000-00-00 00:00:00', 0),
('7053', 'PENYELESAIAN REHABILITASI SDN GUNUNG PUTRI 03  (RENCANA BERTINGKAT)', 28, 'SD', NULL, 'PV000064', 180173000, '2016-03-04', '0000-00-00', 30, '4.35%', '2016-04-02', 'SV000013', 'PL01', '0000-00-00 00:00:00', '0000-00-00 00:00:00', 0),
('7054', 'PENYELESAIAN REHABILITASI SDN GUNUNG PUTRI 05  (RENCANA BERTINGKAT)', 28, 'SD', NULL, 'PV000081', 121349000, '2016-03-07', '0000-00-00', 30, '4.35%', '2016-04-05', 'SV000013', 'PL01', '0000-00-00 00:00:00', '0000-00-00 00:00:00', 0),
('7055', 'PENYELESAIAN REHABILITASI SDN SUKATANI', 59, 'SD', NULL, 'PV000070', 81153000, '2016-03-08', '0000-00-00', 30, '4.35%', '2016-04-06', 'SV000011', 'PL01', '0000-00-00 00:00:00', '0000-00-00 00:00:00', 0),
('7056', 'PENYELESAIAN REHABILITASI SDN CITARINGGUL 01 (RENCANA BERTINGKAT)', 30, 'SD', NULL, '-', 115467000, '2016-04-29', '0000-00-00', 30, '4.35%', '2016-05-28', 'SV000016', 'PL01', '0000-00-00 00:00:00', '0000-00-00 00:00:00', 0),
('7057', 'PENYELESAIAN REHABILITASI SDN SUKAATI', 25, 'SD', NULL, 'PV000067', 115467000, '2016-03-04', '0000-00-00', 30, '4.35%', '2016-04-02', 'SV000005', 'PL01', '0000-00-00 00:00:00', '0000-00-00 00:00:00', 0),
('7058', 'PENYELESAIAN REHABILITASI SDN SUKAMAJU 04 (RENCANA BERTINGKAT)', 25, 'SD', NULL, 'PV000073', 67427000, '2016-03-04', '0000-00-00', 30, '4.35%', '2016-04-02', 'SV000005', 'PL01', '0000-00-00 00:00:00', '0000-00-00 00:00:00', 0),
('7059', 'PENYELESAIAN REHABILITASI SDN CINYOSOG 01 (RENCANA BERTINGKAT)', 27, 'SD', NULL, 'PV000022', 116447000, '2016-03-07', '0000-00-00', 30, '4.35%', '2016-04-05', 'SV000013', 'PL01', '0000-00-00 00:00:00', '0000-00-00 00:00:00', 0),
('7060', 'PENYELESAIAN REHABILITASI SDN CIDOKOM 03 (RENCANA BERTINGKAT)', 50, 'SD', NULL, 'PV000025', 67427000, '2016-03-07', '0000-00-00', 30, '4.35%', '2016-04-05', 'SV000011', 'PL01', '0000-00-00 00:00:00', '0000-00-00 00:00:00', 0),
('7061', 'PENYELESAIAN REHABILITASI SDN KEMANG 01 (RENCANA BERTINGKAT)', 39, 'SD', NULL, 'PV000096', 116447000, '2016-03-07', '0000-00-00', 30, '4.35%', '2016-04-05', 'SV000006', 'PL01', '0000-00-00 00:00:00', '0000-00-00 00:00:00', 0),
('7062', 'PENYELESAIAN REHABILITASI SDN CIHIDEUNG ILIR 03', 41, 'SD', NULL, '-', 28212000, '2016-04-25', '0000-00-00', 30, '4.35%', '2016-05-24', 'SV000011', 'PL01', '0000-00-00 00:00:00', '0000-00-00 00:00:00', 0),
('7063', 'PENYELESAIAN REHABILITASI SDN CIAPUS 02  (RENCANA BERTINGKAT)', 45, 'SD', NULL, 'PV000036', 116447000, '2016-03-07', '0000-00-00', 30, '4.35%', '2016-04-05', 'SV000003', 'PL01', '0000-00-00 00:00:00', '0000-00-00 00:00:00', 0),
('7064', 'PENYELESAIAN REHABILITASI SDN KOTABATU 01  (RENCANA BERTINGKAT)', 45, 'SD', NULL, 'PV000072', 61447000, '2016-03-07', '0000-00-00', 30, '4.35%', '2016-04-05', 'SV000003', 'PL01', '0000-00-00 00:00:00', '0000-00-00 00:00:00', 0),
('7065', 'PENYELESAIAN REHABILITASI SDN BANJARWARU 01  (RENCANA BERTINGKAT)', 32, 'SD', NULL, 'PV000082', 28212000, '2016-04-14', '0000-00-00', 30, '4.35%', '2016-05-13', 'SV000008', 'PL01', '0000-00-00 00:00:00', '0000-00-00 00:00:00', 0),
('7066', 'PENYELESAIAN REHABILITASI SDN TENJOLAYA (RENCANA BERTINGKAT)', 43, 'SD', NULL, 'PV000056', 171839000, '2016-03-08', '0000-00-00', 30, '4.35%', '2016-04-06', 'SV000011', 'PL01', '0000-00-00 00:00:00', '0000-00-00 00:00:00', 0),
('7067', 'PENYELESAIAN REHABILITASI SDN KAWUNG LUWUK  (RENC. BERTINGKAT)', 35, 'SD', NULL, 'PV000040', 121839000, '2016-04-13', '0000-00-00', 30, '4.35%', '2016-05-12', 'SV000009', 'PL01', '0000-00-00 00:00:00', '0000-00-00 00:00:00', 0),
('7068', 'PENYELESAIAN REHABILITASI SDN SIRNAGALIH 03  (RENC. BERTINGKAT)', 44, 'SD', NULL, 'PV000027', 136153000, '2016-04-13', '0000-00-00', 30, '4.35%', '2016-05-12', 'SV000003', 'PL01', '0000-00-00 00:00:00', '0000-00-00 00:00:00', 0),
('7069', 'PENYELESAIAN PEMBANGUNAN RKB SDN BOJONG KULUR 02', 28, 'SD', NULL, 'PV000075', 28212000, '2016-03-08', '0000-00-00', 30, '4.35%', '2016-04-06', 'SV000013', 'PL01', '0000-00-00 00:00:00', '0000-00-00 00:00:00', 0),
('7072', 'PENYELESAIAN PEMBANGUNAN RKB SDN KEDEP', 28, 'SD', NULL, 'PV000075', 107427000, '2016-03-07', '0000-00-00', 30, '4.35%', '2016-04-05', 'SV000013', 'PL01', '0000-00-00 00:00:00', '0000-00-00 00:00:00', 0),
('7073', 'PENYELESAIAN PEMBANGUNAN RKB SDN TARIKOLOT 04', 29, 'SD', NULL, 'PV000073', 62525000, '2016-03-08', '0000-00-00', 30, '4.35%', '2016-04-06', 'SV000016', 'PL01', '0000-00-00 00:00:00', '0000-00-00 00:00:00', 0),
('7074', 'PENYELESAIAN PEMBANGUNAN RKB SDN NAGRAK 02', 28, 'SD', NULL, 'PV000073', 62525000, '2016-03-08', '0000-00-00', 30, '4.35%', '2016-04-06', 'SV000013', 'PL01', '0000-00-00 00:00:00', '0000-00-00 00:00:00', 0),
('7075', 'PENYELESAIAN PEMBANGUNAN RKB SDN GUNUNG GEULIS 01', 59, 'SD', NULL, 'PV000085', 64976000, '2016-03-08', '0000-00-00', 30, '4.35%', '2016-04-06', 'SV000011', 'PL01', '0000-00-00 00:00:00', '0000-00-00 00:00:00', 0),
('7076', 'PENYELESAIAN PEMBANGUNAN RKB SDN PASIRLAJA 03', 59, 'SD', NULL, 'PV000085', 51251000, '2016-03-08', '0000-00-00', 30, '4.35%', '2016-04-06', 'SV000011', 'PL01', '0000-00-00 00:00:00', '0000-00-00 00:00:00', 0),
('7077', 'PENYELESAIAN PEMBANGUNAN RKB SDN JONGGOL 02', 25, 'SD', NULL, '-', 33114000, '2016-03-07', '0000-00-00', 30, '4.35%', '2016-04-05', 'SV000005', 'PL01', '0000-00-00 00:00:00', '0000-00-00 00:00:00', 0),
('7078', 'PENYELESAIAN PEMBANGUNAN RKB SDN RAWEUY', 25, 'SD', NULL, 'PV000071', 33114000, '2016-04-29', '0000-00-00', 30, '4.35%', '2016-05-28', 'SV000005', 'PL01', '0000-00-00 00:00:00', '0000-00-00 00:00:00', 0),
('7079', 'PENYELESAIAN PEMBANGUNAN RKB SDN SINGASARI 01', 25, 'SD', NULL, 'PV000071', 33114000, '2016-03-08', '0000-00-00', 30, '4.35%', '2016-04-06', 'SV000005', 'PL01', '0000-00-00 00:00:00', '0000-00-00 00:00:00', 0),
('7080', 'PENYELESAIAN PEMBANGUNAN RKB SDN SUKASIRNA 01', 25, 'SD', NULL, 'PV000089', 92918000, '2016-03-07', '0000-00-00', 30, '4.35%', '2016-04-05', 'SV000005', 'PL01', '0000-00-00 00:00:00', '0000-00-00 00:00:00', 0),
('7081', 'PENYELESAIAN PEMBANGUNAN RKB SDN SUKASIRNA 04', 25, 'SD', NULL, 'PV000089', 56643000, '2016-03-07', '0000-00-00', 30, '4.35%', '2016-04-05', 'SV000005', 'PL01', '0000-00-00 00:00:00', '0000-00-00 00:00:00', 0),
('7082', 'PENYELESAIAN PEMBANGUNAN RKB SDN SUKASIRNA 05', 25, 'SD', NULL, 'PV000071', 53408000, '2016-04-29', '0000-00-00', 30, '4.35%', '2016-05-28', 'SV000005', 'PL01', '0000-00-00 00:00:00', '0000-00-00 00:00:00', 0),
('7083', 'PENYELESAIAN PEMBANGUNAN RKB SDN CILEUNGSI 01', 27, 'SD', NULL, 'PV000034', 111839000, '2016-03-07', '0000-00-00', 30, '4.35%', '2016-04-05', 'SV000013', 'PL01', '0000-00-00 00:00:00', '0000-00-00 00:00:00', 0),
('7084', 'PENYELESAIAN PEMBANGUNAN RKB SDN CILEUNGSI 06', 27, 'SD', NULL, 'PV000036', 110075000, '2016-03-07', '0000-00-00', 30, '4.35%', '2016-04-05', 'SV000013', 'PL01', '0000-00-00 00:00:00', '0000-00-00 00:00:00', 0),
('7085', 'PENYELESAIAN PEMBANGUNAN RKB SDN CIPEUCANG 01', 27, 'SD', NULL, 'PV000034', 191456000, '2016-03-07', '0000-00-00', 30, '4.35%', '2016-04-05', 'SV000013', 'PL01', '0000-00-00 00:00:00', '0000-00-00 00:00:00', 0),
('7087', 'PENYELESAIAN PEMBANGUNAN RKB SDN GANDOANG 01', 27, 'SD', NULL, 'PV000095', 193653000, '2016-03-07', '0000-00-00', 30, '4.35%', '2016-04-05', 'SV000013', 'PL01', '0000-00-00 00:00:00', '0000-00-00 00:00:00', 0),
('7088', 'PENYELESAIAN PEMBANGUNAN RKB SDN PALASARI 01', 27, 'SD', NULL, '-', 94388000, '2016-03-07', '0000-00-00', 30, '4.35%', '2016-04-05', 'SV000013', 'PL01', '0000-00-00 00:00:00', '0000-00-00 00:00:00', 0),
('7089', 'PENYELESAIAN PEMBANGUNAN RKB SDN RAWA ENDAH', 27, 'SD', NULL, 'PV000034', 105075000, '2016-03-07', '0000-00-00', 30, '4.35%', '2016-04-05', 'SV000013', 'PL01', '0000-00-00 00:00:00', '0000-00-00 00:00:00', 0),
('7090', 'PENYELESAIAN PEMBANGUNAN RKB SDN SITUSARI 01', 27, 'SD', NULL, 'PV000087', 106643000, '2016-03-07', '0000-00-00', 30, '4.35%', '2016-04-05', 'SV000013', 'PL01', '0000-00-00 00:00:00', '0000-00-00 00:00:00', 0),
('7091', 'PENYELESAIAN PEMBANGUNAN RKB SDN TUNGGILIS', 27, 'SD', NULL, 'PV000044', 189976000, '2016-03-07', '0000-00-00', 30, '4.35%', '2016-04-05', 'SV000013', 'PL01', '0000-00-00 00:00:00', '0000-00-00 00:00:00', 0),
('7092', 'PENYELESAIAN PEMBANGUNAN RKB SDN CIMENYAN', 23, 'SD', NULL, 'PV000084', 106643000, '2016-03-07', '0000-00-00', 30, '4.35%', '2016-04-05', 'SV000015', 'PL01', '0000-00-00 00:00:00', '0000-00-00 00:00:00', 0),
('7093', 'PENYELESAIAN PEMBANGUNAN RKB SDN  PABUARAN 01', 39, 'SD', NULL, 'PV000002', 94388000, '2016-03-07', '0000-00-00', 30, '4.35%', '2016-04-05', 'SV000006', 'PL01', '0000-00-00 00:00:00', '0000-00-00 00:00:00', 0),
('7094', 'PENYELESAIAN PEMBANGUNAN RKB SDN BOJONG 02', 26, 'SD', NULL, 'PV000063', 143898000, '2016-03-07', '0000-00-00', 30, '4.35%', '2016-04-05', 'SV000012', 'PL01', '0000-00-00 00:00:00', '0000-00-00 00:00:00', 0),
('7095', 'PENYELESAIAN PEMBANGUNAN RKB SDN NAMBO 02', 26, 'SD', NULL, 'PV000073', 130173000, '2016-03-07', '0000-00-00', 30, '4.35%', '2016-04-05', 'SV000012', 'PL01', '0000-00-00 00:00:00', '0000-00-00 00:00:00', 0),
('7096', 'PENYELESAIAN PEMBANGUNAN RKB SDN NAMBO 04', 26, 'SD', NULL, 'PV000063', 68408000, '2016-03-07', '0000-00-00', 30, '4.35%', '2016-04-05', 'SV000012', 'PL01', '0000-00-00 00:00:00', '0000-00-00 00:00:00', 0),
('7097', 'PENYELESAIAN PEMBANGUNAN RKB SDN SUKAMAJU', 47, 'SD', NULL, 'PV000080', 33702000, '2016-03-07', '0000-00-00', 30, '4.35%', '2016-04-05', 'SV000002', 'PL01', '0000-00-00 00:00:00', '0000-00-00 00:00:00', 0),
('7098', 'PENYELESAIAN PEMBANGUNAN RKB SDN CIBUNTU 03', 41, 'SD', NULL, 'PV000042', 33702000, '2016-03-07', '0000-00-00', 30, '4.35%', '2016-04-05', 'SV000011', 'PL01', '0000-00-00 00:00:00', '0000-00-00 00:00:00', 0),
('7099', 'PENYELESAIAN PEMBANGUNAN RKB SDN GUNUNG PICUNG 02', 46, 'SD', NULL, 'PV000012', 92673000, '2016-03-08', '0000-00-00', 30, '4.35%', '2016-04-06', 'SV000004', 'PL01', '0000-00-00 00:00:00', '0000-00-00 00:00:00', 0),
('7100', 'PENYELESAIAN PEMBANGUNAN RKB SDN LUMPANG 02', 56, 'SD', NULL, 'PV000058', 92673000, '2016-03-08', '0000-00-00', 30, '4.35%', '2016-04-06', 'SV000014', 'PL01', '0000-00-00 00:00:00', '0000-00-00 00:00:00', 0),
('7102', 'PENYELESAIAN PEMBANGUNAN RKB SDN PASIREURIH', 53, 'SD', NULL, 'PV000018', 33359000, '2016-03-08', '0000-00-00', 30, '4.35%', '2016-04-06', 'SV000002', 'PL01', '0000-00-00 00:00:00', '0000-00-00 00:00:00', 0),
('7103', 'PENYELESAIAN PEMBANGUNAN RKB SDN PARAKANMUNCANG 01', 53, 'SD', NULL, 'PV000018', 33359000, '2016-03-08', '0000-00-00', 30, '4.35%', '2016-04-06', 'SV000002', 'PL01', '0000-00-00 00:00:00', '0000-00-00 00:00:00', 0),
('7104', 'PENYELESAIAN PEMBANGUNAN RKB SDN ARGAPURA 02', 55, 'SD', NULL, 'PV000038', 95614000, '2016-03-08', '0000-00-00', 30, '4.35%', '2016-04-06', 'SV000011', 'PL01', '0000-00-00 00:00:00', '0000-00-00 00:00:00', 0),
('7105', 'PENYELESAIAN PEMBANGUNAN RKB SDN CIANGGER 01', 55, 'SD', NULL, 'PV000047', 95614000, '2016-03-08', '0000-00-00', 30, '4.35%', '2016-04-06', 'SV000011', 'PL01', '0000-00-00 00:00:00', '0000-00-00 00:00:00', 0),
('7106', 'PENYELESAIAN PEMBANGUNAN RKB SDN CIJAMBE', 55, 'SD', NULL, 'PV000089', 95614000, '2016-03-08', '0000-00-00', 30, '4.35%', '2016-04-06', 'SV000011', 'PL01', '0000-00-00 00:00:00', '0000-00-00 00:00:00', 0),
('7107', 'PENYELESAIAN PEMBANGUNAN RKB SDN CILANGKAP', 55, 'SD', NULL, 'PV000089', 95614000, '2016-03-08', '0000-00-00', 30, '4.35%', '2016-04-06', 'SV000011', 'PL01', '0000-00-00 00:00:00', '0000-00-00 00:00:00', 0),
('7108', 'PENYELESAIAN PEMBANGUNAN RKB SDN SIRANGGAP', 55, 'SD', NULL, 'PV000089', 95614000, '2016-03-08', '0000-00-00', 30, '4.35%', '2016-04-06', 'SV000011', 'PL01', '0000-00-00 00:00:00', '0000-00-00 00:00:00', 0),
('7109', 'PENYELESAIAN PEMBANGUNAN RKB SDN LALADON 01', 45, 'SD', NULL, 'PV000046', 95418000, '2016-03-08', '0000-00-00', 30, '4.35%', '2016-04-06', 'SV000003', 'PL01', '0000-00-00 00:00:00', '0000-00-00 00:00:00', 0),
('7110', 'PENYELESAIAN PEMBANGUNAN RKB SDN CILEUKSA 01', 54, 'SD', NULL, 'PV000080', 105418000, '2016-03-08', '0000-00-00', 30, '4.35%', '2016-04-06', 'SV000011', 'PL01', '0000-00-00 00:00:00', '0000-00-00 00:00:00', 0),
('7111', 'PENYELESAIAN PEMBANGUNAN RKB SDN TELUKPINANG 03', 32, 'SD', NULL, 'PV000044', 33114000, '2016-03-08', '0000-00-00', 30, '4.35%', '2016-04-06', 'SV000008', 'PL01', '0000-00-00 00:00:00', '0000-00-00 00:00:00', 0),
('7112', 'PENYELESAIAN PEMBANGUNAN RKB SDN CIPAYUNG GIRANG 03', 31, 'SD', NULL, 'PV000093', 68898000, '2016-03-08', '0000-00-00', 30, '4.35%', '2016-04-06', 'SV000008', 'PL01', '0000-00-00 00:00:00', '0000-00-00 00:00:00', 0),
('7113', 'PENYELESAIAN PEMBANGUNAN RKB SDN PASIRANGSANA 02', 44, 'SD', NULL, 'PV000072', 68898000, '2016-03-08', '0000-00-00', 30, '4.35%', '2016-04-06', 'SV000003', 'PL01', '0000-00-00 00:00:00', '0000-00-00 00:00:00', 0),
('7114', 'PENYELESAIAN PEMBANGUNAN RKB SDN SIBANTENG 02', 60, 'SD', NULL, 'PV000055', 35565000, '2016-03-08', '0000-00-00', 30, '4.35%', '2016-04-06', 'SV000007', 'PL01', '0000-00-00 00:00:00', '0000-00-00 00:00:00', 0),
('7115', 'PENYELESAIAN REHABILITASI SDN MEKAR JAYA 01', 36, 'SD', NULL, 'PV000028', 66341000, '2016-03-08', '0000-00-00', 30, '4.35%', '2016-04-06', 'SV000016', 'PL01', '0000-00-00 00:00:00', '0000-00-00 00:00:00', 0),
('7116', 'PENYELESAIAN REHABILITASI SDN BOJONG KULUR 01 (RENCANA BERTINGKAT)', 28, 'SD', NULL, 'PV000071', 24192000, '2016-04-29', '0000-00-00', 30, '4.35%', '2016-05-28', 'SV000013', 'PL01', '0000-00-00 00:00:00', '0000-00-00 00:00:00', 0),
('7117', 'PENYELESAIAN REHABILITASI SDN LEUWINUTUG 05 (RENCANA BERTINGKAT)', 29, 'SD', NULL, 'PV000069', 75584000, '2016-03-08', '0000-00-00', 30, '4.35%', '2016-04-06', 'SV000016', 'PL01', '0000-00-00 00:00:00', '0000-00-00 00:00:00', 0),
('7118', 'PENYELESAIAN REHABILITASI SDN CILUAR 02  (RENCANA BERTINGKAT)', 59, 'SD', NULL, '-', 26415000, '2016-03-08', '0000-00-00', 30, '4.35%', '2016-04-06', 'SV000011', 'PL01', '0000-00-00 00:00:00', '0000-00-00 00:00:00', 0),
('7119', 'PENYELESAIAN REHABILITASI SDN SUKARAJA 02 (RENCANA BERTINGKAT)', 59, 'SD', NULL, '-', 33114000, '2016-04-29', '0000-00-00', 30, '4.35%', '2016-05-28', 'SV000011', 'PL01', '0000-00-00 00:00:00', '0000-00-00 00:00:00', 0),
('7120', 'PENYELESAIAN REHABILITASI SDN BABAKAN 03 (RENCANA BERTINGKAT)', 27, 'SD', NULL, 'PV000065', 75584000, '2016-03-08', '0000-00-00', 30, '4.35%', '2016-04-06', 'SV000013', 'PL01', '0000-00-00 00:00:00', '0000-00-00 00:00:00', 0),
('7121', 'PENYELESAIAN REHABILITASI SDN COGREG 02', 49, 'SD', NULL, 'PV000084', 63408000, '2016-04-13', '0000-00-00', 30, '4.35%', '2016-05-12', 'SV000006', 'PL01', '0000-00-00 00:00:00', '0000-00-00 00:00:00', 0),
('7122', 'PENYELESAIAN REHABILITASI SDN JAMPANG 03 (RENCANA BERTINGKAT)', 39, 'SD', NULL, 'PV000096', 106689000, '2016-03-08', '0000-00-00', 30, '4.35%', '2016-04-06', 'SV000006', 'PL01', '0000-00-00 00:00:00', '0000-00-00 00:00:00', 0),
('7123', 'PENYELESAIAN REHABILITASI SDN LULUT 03 (RENCANA BERTINGKAT)', 26, 'SD', NULL, 'PV000063', 32292000, '2016-03-08', '0000-00-00', 30, '4.35%', '2016-04-06', 'SV000012', 'PL01', '0000-00-00 00:00:00', '0000-00-00 00:00:00', 0),
('7124', 'PENYELESAIAN REHABILITASI SDN CIBEBER 01', 47, 'SD', NULL, 'PV000029', 28212000, '2016-03-08', '0000-00-00', 30, '4.35%', '2016-04-06', 'SV000002', 'PL01', '0000-00-00 00:00:00', '0000-00-00 00:00:00', 0),
('7125', 'PENYELESAIAN REHABILITASI SDN CEMPLANG 04 (RENCANA BERTINGKAT)', 48, 'SD', NULL, 'PV000029', 28212000, '2016-03-08', '0000-00-00', 30, '4.35%', '2016-04-06', 'SV000011', 'PL01', '0000-00-00 00:00:00', '0000-00-00 00:00:00', 0),
('7126', 'PENYELESAIAN REHABILITASI SDN CIJUJUNG 01 (RENCANA BERTINGKAT)', 48, 'SD', NULL, 'PV000029', 33114000, '2016-03-08', '0000-00-00', 30, '4.35%', '2016-04-06', 'SV000011', 'PL01', '0000-00-00 00:00:00', '0000-00-00 00:00:00', 0),
('7127', 'PENYELESAIAN REHABILITASI SDN CIASMARA 04', 46, 'SD', NULL, '-', 33114000, '2016-03-08', '0000-00-00', 30, '4.35%', '2016-04-06', 'SV000004', 'PL01', '0000-00-00 00:00:00', '0000-00-00 00:00:00', 0),
('7130', 'PENYELESAIAN REHABILITASI SDN MALASARI 03', 53, 'SD', NULL, 'PV000041', 72329000, '2016-03-08', '0000-00-00', 30, '4.35%', '2016-04-06', 'SV000002', 'PL01', '0000-00-00 00:00:00', '0000-00-00 00:00:00', 0),
('7131', 'PENYELESAIAN REHABILITASI SDN CIGUDEG 05', 55, 'SD', NULL, '-', 87035000, '2016-03-08', '0000-00-00', 30, '4.35%', '2016-04-06', 'SV000011', 'PL01', '0000-00-00 00:00:00', '0000-00-00 00:00:00', 0),
('7132', 'PENYELESAIAN REHABILITASI SDN CILUBANG 02', 42, 'SD', NULL, '-', 87035000, '2016-03-08', '0000-00-00', 30, '4.35%', '2016-04-06', 'SV000003', 'PL01', '0000-00-00 00:00:00', '0000-00-00 00:00:00', 0),
('7133', 'PENYELESAIAN REHABILITASI SDN SITULEUTIK', 42, 'SD', NULL, 'PV000098', 45237000, '2016-03-08', '0000-00-00', 30, '4.35%', '2016-04-06', 'SV000003', 'PL01', '0000-00-00 00:00:00', '0000-00-00 00:00:00', 0),
('7134', 'PENYELESAIAN REHABILITASI SDN TENJOSARI', 42, 'SD', NULL, 'PV000088', 86055000, '2016-03-08', '0000-00-00', 30, '4.35%', '2016-04-06', 'SV000003', 'PL01', '0000-00-00 00:00:00', '0000-00-00 00:00:00', 0),
('7135', 'PENYELESAIAN REHABILITASI SDN PASIREURIH 02', 44, 'SD', NULL, 'PV000083', 82133000, '2016-03-08', '0000-00-00', 30, '4.35%', '2016-04-06', 'SV000003', 'PL01', '0000-00-00 00:00:00', '0000-00-00 00:00:00', 0),
('7136', 'PENYELESAIAN REHABILITASI SDN SUKMAJAYA (RENCANA BERTINGKAT)', 38, 'SD', NULL, 'PV000025', 77231000, '2016-03-08', '0000-00-00', 30, '4.35%', '2016-04-06', 'SV000006', 'PL01', '0000-00-00 00:00:00', '0000-00-00 00:00:00', 0),
('7137', 'PENYELESAIAN REHABILITASI SDN TONJONG 03', 38, 'SD', NULL, 'PV000016', 72329000, '2016-03-08', '0000-00-00', 30, '4.35%', '2016-04-06', 'SV000006', 'PL01', '0000-00-00 00:00:00', '0000-00-00 00:00:00', 0),
('7138', 'PENYELESAIAN REHABILITASI SDN SROGOL 03', 34, 'SD', NULL, 'PV000031', 72329000, '2016-03-08', '0000-00-00', 30, '4.35%', '2016-04-06', 'SV000009', 'PL01', '0000-00-00 00:00:00', '0000-00-00 00:00:00', 0),
('7139', 'PENYELESAIAN REHABILITASI SDN LEUWISADENG', 60, 'SD', NULL, 'PV000033', 44878000, '2016-03-08', '0000-00-00', 30, '4.35%', '2016-04-06', 'SV000007', 'PL01', '0000-00-00 00:00:00', '0000-00-00 00:00:00', 0);
INSERT INTO `trx_procurement` (`PROCNUMBER`, `PROCDESC`, `SUBDISTRICTID`, `SCHOOLLEVEL`, `PROCLOCATION`, `PVCODE`, `CONTRACTVALUE`, `CONTRACTDATE`, `SMPKDATE`, `NUMBEROFDAYS`, `PRECPROGPERDAY`, `ENDDATE`, `SVCODE`, `PROCTYPECODE`, `CREATED`, `UPDATED`, `USERLOG`) VALUES
('7140', 'PENYELESAIAN REHABILITASI SDN SADENG 02', 60, 'SD', NULL, 'PV000033', 64976000, '2016-03-08', '0000-00-00', 30, '4.35%', '2016-04-06', 'SV000007', 'PL01', '0000-00-00 00:00:00', '0000-00-00 00:00:00', 0),
('7141', 'PENYELESAIAN REHABILITASI SDN GUNUNG MALANG 01', 43, 'SD', NULL, '-', 26741000, '2016-03-08', '0000-00-00', 30, '4.35%', '2016-04-06', 'SV000011', 'PL01', '0000-00-00 00:00:00', '0000-00-00 00:00:00', 0),
('7142', 'PENYELESAIAN PEMBANGUNAN RKB SDN KOTABATU 09', 45, 'SD', NULL, 'PV000046', 30075000, '2016-03-08', '0000-00-00', 30, '4.35%', '2016-04-06', 'SV000003', 'PL01', '0000-00-00 00:00:00', '0000-00-00 00:00:00', 0),
('7143', 'PENYELESAIAN PEMBANGUNAN RKB GUNUNG BUNDER 04', 46, 'SD', NULL, 'PV000055', 29682000, '2016-03-08', '0000-00-00', 30, '4.35%', '2016-04-06', 'SV000004', 'PL01', '0000-00-00 00:00:00', '0000-00-00 00:00:00', 0),
('7144', 'PENYELESAIAN PEMBANGUNAN RKB BOJONG RANGKAS 01', 41, 'SD', NULL, 'PV000055', 45369000, '2016-03-08', '0000-00-00', 30, '4.35%', '2016-04-06', 'SV000011', 'PL01', '0000-00-00 00:00:00', '0000-00-00 00:00:00', 0),
('7145', 'PENYELESAIAN PEMBANGUNAN RKB SDN LANGENSARI 01', 35, 'SD', NULL, 'PV000062', 35565000, '2016-03-08', '0000-00-00', 30, '4.35%', '2016-04-06', 'SV000009', 'PL01', '0000-00-00 00:00:00', '0000-00-00 00:00:00', 0),
('7146', 'PENYELESAIAN REHABILITASI SDN CIKERETEG 02', 33, 'SD', NULL, 'PV000090', 67427000, '2016-03-08', '0000-00-00', 30, '4.35%', '2016-04-06', 'SV000008', 'PL01', '0000-00-00 00:00:00', '0000-00-00 00:00:00', 0),
('7147', 'PENYELESAIAN REHABILITASI SDN SIRNAGALIH 02 (RENCANA BERTINGKAT)', 44, 'SD', NULL, 'PV000027', 43408000, '2016-04-13', '0000-00-00', 30, '4.35%', '2016-05-12', 'SV000003', 'PL01', '0000-00-00 00:00:00', '0000-00-00 00:00:00', 0),
('7148', 'PENYELESAIAN REHABILITASI SDN CILUBANG 04', 42, 'SD', NULL, 'PV000100', 77231000, '2016-04-29', '0000-00-00', 30, '4.35%', '2016-05-28', 'SV000003', 'PL01', '0000-00-00 00:00:00', '0000-00-00 00:00:00', 0),
('7563', 'PEMBANGUNAN RKB SMPN 3 CIBUNGBULANG ( BERTINGKAT ) ( PENYELESAIAN )', 48, 'SMP', NULL, '-', 119088235, '0000-00-00', '0000-00-00', 45, '2.63%', '1900-01-13', 'SV000011', 'PL01', '0000-00-00 00:00:00', '0000-00-00 00:00:00', 0),
('7564', 'PEMBANGUNAN RKB SMPN 2 TAMANSARI ( BERTINGKAT ) ( PENYELESAIAN )', 44, 'SMP', NULL, '-', 165705882, '0000-00-00', '0000-00-00', 45, '2.63%', '1900-01-13', 'SV000016', 'PL01', '0000-00-00 00:00:00', '0000-00-00 00:00:00', 0),
('7816', 'REHABILITASI RUANG KANTOR SMPN 1 CILEUNGSI ( PENYELESAIAN )', 27, 'SMP', NULL, 'PV000010', 70117647, '2016-04-25', '0000-00-00', 45, '2.63%', '2016-06-08', 'SV000013', 'PL01', '0000-00-00 00:00:00', '0000-00-00 00:00:00', 0),
('7830', 'REHABILITASI  RUANG KELAS SMPN 1 CIBUNGBULANG ( RENCANA BERTINGKAT ) ( PENYELESAIAN )', 48, 'SMP', NULL, '-', 133100000, '2016-04-26', '0000-00-00', 60, '1.89%', '2016-06-24', 'SV000011', 'PL01', '0000-00-00 00:00:00', '0000-00-00 00:00:00', 0),
('7831', 'PEMBANGUNAN RUANG KELAS BARU SMKN GUNUNGSINDUR (PENYELESAIAN)', 50, 'SMA', NULL, 'PV000065', 193990000, '2016-03-08', '0000-00-00', 60, '1.89%', '2016-05-06', 'SV000006', 'PL02', '0000-00-00 00:00:00', '0000-00-00 00:00:00', 0),
('7835', 'REVITALISASI RUANG BELAJAR   SMPN 2 BOJONGGEDE ( PENYELESAIAN )', 37, 'SMP', NULL, '-', 187225490, '0000-00-00', '0000-00-00', 60, '1.89%', '1900-01-28', 'SV000016', 'PL01', '0000-00-00 00:00:00', '0000-00-00 00:00:00', 0),
('7839', 'REVITALISASI RUANG BELAJAR SMPN 3 GUNUNGPUTRI ( PENYELESAIAN )', 28, 'SMP', NULL, '-', 186735294, '0000-00-00', '0000-00-00', 45, '2.63%', '1900-01-13', 'SV000013', 'PL01', '0000-00-00 00:00:00', '0000-00-00 00:00:00', 0),
('7840', 'REVITALISASI RUANG BELAJAR SMPN 3  CITEUREUP ( PENYELESAIAN )', 29, 'SMP', NULL, 'PV000003', 103322000, '2016-04-15', '0000-00-00', 45, '2.63%', '2016-05-29', 'SV000013', 'PL01', '0000-00-00 00:00:00', '0000-00-00 00:00:00', 0),
('7841', 'REVITALISASI RUANG BELAJAR SMPN 1 KLAPANUNGGAL ( PENYELESAIAN )', 26, 'SMP', NULL, '-', 128107843, '0000-00-00', '0000-00-00', 45, '2.63%', '1900-01-13', 'SV000016', 'PL01', '0000-00-00 00:00:00', '0000-00-00 00:00:00', 0),
('8017', 'PEMBANGUNAN RUANG KELAS SMAN TAMANSARI (PENYELESAIAN)', 44, 'SMA', NULL, 'PV000009', 97626000, '2016-03-08', '0000-00-00', 45, '2.63%', '2016-04-21', 'SV000013', 'PL01', '0000-00-00 00:00:00', '0000-00-00 00:00:00', 0),
('8696', 'PEMAGARAN AREAL SMPN 1 CISARUA', 24, 'SMP', NULL, '-', 0, '0000-00-00', '0000-00-00', 0, '-14.2', '1899-11-29', '-', 'PL02', '0000-00-00 00:00:00', '0000-00-00 00:00:00', 0),
('8704', 'PEMAGARAN AREAL SMPN 2 PARUNGPANJANG', 56, 'SMP', NULL, 'PV000008', 176931000, '2016-04-26', '0000-00-00', 60, '1.89%', '2016-06-24', '-', 'PL01', '0000-00-00 00:00:00', '0000-00-00 00:00:00', 0),
('8705', 'PEMAGARAN AREAL SMPN 2 DRAMAGA', 42, 'SMP', NULL, '-', 0, '0000-00-00', '0000-00-00', 0, '-14.2', '1899-11-29', '-', 'PL02', '0000-00-00 00:00:00', '0000-00-00 00:00:00', 0),
('8706', 'PEMAGARAN AREAL SMPN 2 TENJO', 57, 'SMP', NULL, 'PV000018', 194578431, '2016-05-02', '0000-00-00', 60, '1.89%', '2016-06-30', '-', 'PL01', '0000-00-00 00:00:00', '0000-00-00 00:00:00', 0),
('8707', 'PEMAGARAN AREAL SMPN 3 CIAWI', 32, 'SMP', NULL, '-', 0, '0000-00-00', '0000-00-00', 0, '-14.2', '1899-11-29', '-', 'PL02', '0000-00-00 00:00:00', '0000-00-00 00:00:00', 0),
('8708', 'PEMAGARAN AREAL SMPN 01 SUKAJAYA', 54, 'SMP', NULL, 'PV000011', 131500000, '2016-05-02', '0000-00-00', 60, '1.89%', '2016-06-30', '-', 'PL01', '0000-00-00 00:00:00', '0000-00-00 00:00:00', 0),
('8709', 'PEMAGARAN AREAL SMPN 1 CISEENG', 51, 'SMP', NULL, 'PV000007', 176931373, '0000-00-00', '0000-00-00', 60, '1.89%', '1900-01-28', '-', 'PL01', '0000-00-00 00:00:00', '0000-00-00 00:00:00', 0),
('8711', 'PEMAGARAN AREAL SMPN 1 RANCABUNGUR', 40, 'SMP', NULL, '-', 0, '0000-00-00', '0000-00-00', 0, '-14.2', '1899-11-29', '-', 'PL02', '0000-00-00 00:00:00', '0000-00-00 00:00:00', 0),
('8712', 'PEMAGARAN AREAL SMPN 2 CARIU', 21, 'SMP', NULL, '-', 0, '0000-00-00', '0000-00-00', 0, '-14.2', '1899-11-29', '-', 'PL02', '0000-00-00 00:00:00', '0000-00-00 00:00:00', 0),
('8713', 'PEMAGARAN AREAL SMPN 1 TENJOLAYA', 43, 'SMP', NULL, 'PV000004', 157323529, '0000-00-00', '0000-00-00', 60, '1.89%', '1900-01-28', '-', 'PL01', '0000-00-00 00:00:00', '0000-00-00 00:00:00', 0),
('8714', 'REHABILITASI  RUANG KANTOR SMPN 1 TENJO', 57, 'SMP', NULL, '-', 0, '0000-00-00', '0000-00-00', 0, '-14.2', '1899-11-29', '-', 'PL02', '0000-00-00 00:00:00', '0000-00-00 00:00:00', 0),
('8715', 'REHABILITASI  RUANG KANTOR SMPN 1 BABAKANMADANG', 30, 'SMP', NULL, '-', 0, '0000-00-00', '0000-00-00', 0, '-14.2', '1899-11-29', '-', 'PL02', '0000-00-00 00:00:00', '0000-00-00 00:00:00', 0),
('8716', 'REHABILITASI  RUANG KANTOR SMPN 1 CIAMPEA', 41, 'SMP', NULL, '-', 0, '0000-00-00', '0000-00-00', 0, '-14.2', '1899-11-29', '-', 'PL02', '0000-00-00 00:00:00', '0000-00-00 00:00:00', 0),
('8717', 'REHABILITASI  RUANG KANTOR SMPN 1 PAMIJAHAN', 46, 'SMP', NULL, '-', 0, '0000-00-00', '0000-00-00', 0, '-14.2', '1899-11-29', '-', 'PL02', '0000-00-00 00:00:00', '0000-00-00 00:00:00', 0),
('8718', 'REHABILITASI RUANG KANTOR  SMPN 1 NANGGUNG', 53, 'SMP', NULL, 'PV000048', 235678900, '2016-05-09', '0000-00-00', 120, '0.88%', '2016-09-05', 'SV000002', 'PL02', '0000-00-00 00:00:00', '0000-00-00 00:00:00', 0),
('8719', 'REHABILITASI  RUANG KANTOR SMPN 2 CITEUREUP', 29, 'SMP', NULL, '-', 0, '0000-00-00', '0000-00-00', 0, '-14.2', '1899-11-29', '-', 'PL02', '0000-00-00 00:00:00', '0000-00-00 00:00:00', 0),
('8720', 'REHABILITASI RUANG KANTOR SMPN 2 TENJO', 57, 'SMP', NULL, '-', 0, '0000-00-00', '0000-00-00', 0, '-14.2', '1899-11-29', '-', 'PL02', '0000-00-00 00:00:00', '0000-00-00 00:00:00', 0),
('8721', 'REHABILITASI  RUANG KANTOR SMPN 1 TENJOLAYA', 43, 'SMP', NULL, '-', 0, '0000-00-00', '0000-00-00', 0, '-14.2', '1899-11-29', '-', 'PL02', '0000-00-00 00:00:00', '0000-00-00 00:00:00', 0),
('8722', 'REHABILITASI  RUANG KANTOR SMPN 2 CIBUNGBULANG', 48, 'SMP', NULL, '-', 0, '0000-00-00', '0000-00-00', 0, '-14.2', '1899-11-29', '-', 'PL02', '0000-00-00 00:00:00', '0000-00-00 00:00:00', 0),
('8726', 'PEMBANGUNAN KM/WC SMPN 4 CIBINONG', 36, 'SMP', NULL, 'PV000014', 189676500, '2016-04-25', '0000-00-00', 60, '1.89%', '2016-06-23', 'SV000013', 'PL01', '0000-00-00 00:00:00', '0000-00-00 00:00:00', 0),
('8727', 'PEMBANGUNAN KM/WC SMPN 2 KEMANG', 39, 'SMP', NULL, 'PV000014', 189676500, '2016-04-25', '0000-00-00', 60, '1.89%', '2016-06-23', '-', 'PL01', '0000-00-00 00:00:00', '0000-00-00 00:00:00', 0),
('8729', 'PEMBANGUNAN KM/WC SMPN 2 LEUWISADENG', 60, 'SMP', NULL, 'PV000012', 189676500, '0000-00-00', '0000-00-00', 60, '1.89%', '1900-01-28', '-', 'PL01', '0000-00-00 00:00:00', '0000-00-00 00:00:00', 0),
('8730', 'PEMBANGUNAN KM/WC SMPN 2 DRAMAGA', 42, 'SMP', NULL, 'PV000019', 189676500, '0000-00-00', '0000-00-00', 60, '1.89%', '1900-01-28', '-', 'PL01', '0000-00-00 00:00:00', '0000-00-00 00:00:00', 0),
('8733', 'PEMBANGUNAN KM/WC SMPN 1 TAJURHALANG', 38, 'SMP', NULL, 'PV000014', 189676500, '2016-04-25', '0000-00-00', 60, '1.89%', '2016-06-23', '-', 'PL01', '0000-00-00 00:00:00', '0000-00-00 00:00:00', 0),
('8734', 'PEMBANGUNAN KM/WC SMPN 2 CISEENG', 51, 'SMP', NULL, 'PV000013', 189676500, '0000-00-00', '0000-00-00', 60, '1.89%', '1900-01-28', '-', 'PL01', '0000-00-00 00:00:00', '0000-00-00 00:00:00', 0),
('8737', 'PEMBANGUNAN KM/WC SMPN 1 GUNUNGSINDUR', 50, 'SMP', NULL, 'PV000006', 189676500, '2016-04-20', '0000-00-00', 60, '1.89%', '2016-06-18', 'SV000013', 'PL01', '0000-00-00 00:00:00', '0000-00-00 00:00:00', 0),
('8738', 'PEMBANGUNAN KM/WC SMPN 3 GUNUNGSINDUR', 50, 'SMP', NULL, 'PV000006', 189676500, '2016-04-20', '0000-00-00', 60, '1.89%', '2016-06-18', 'SV000013', 'PL01', '0000-00-00 00:00:00', '0000-00-00 00:00:00', 0),
('8739', 'PEMBANGUNAN KM/WC SMPN 1 CISEENG', 51, 'SMP', NULL, 'PV000015', 189676500, '0000-00-00', '0000-00-00', 60, '1.89%', '1900-01-28', '-', 'PL01', '0000-00-00 00:00:00', '0000-00-00 00:00:00', 0),
('8740', 'PEMBANGUNAN KM/WC SMPN 3 CIBUNGBULANG', 48, 'SMP', NULL, 'PV000009', 189676500, '2016-04-25', '0000-00-00', 60, '1.89%', '2016-06-23', 'SV000011', 'PL01', '0000-00-00 00:00:00', '0000-00-00 00:00:00', 0),
('8743', 'PEMBANGUNAN KM/WC SMPN 1 PAMIJAHAN', 46, 'SMP', NULL, 'PV000002', 189676500, '2016-04-27', '0000-00-00', 60, '1.89%', '2016-06-25', 'SV000017', 'PL01', '0000-00-00 00:00:00', '0000-00-00 00:00:00', 0),
('8744', 'PEMBANGUNAN KM/WC SMPN 1 SUKARAJA', 59, 'SMP', NULL, 'PV000016', 189676500, '2016-04-15', '0000-00-00', 60, '1.89%', '2016-06-13', 'SV000006', 'PL01', '0000-00-00 00:00:00', '0000-00-00 00:00:00', 0),
('8746', 'PEMBANGUNAN LAPANGAN UPACARA SMPN 4 CIBINONG', 36, 'SMP', NULL, 'PV000005', 147040000, '2016-04-26', '0000-00-00', 60, '1.89%', '2016-06-24', 'SV000013', 'PL01', '0000-00-00 00:00:00', '0000-00-00 00:00:00', 0),
('8747', 'PEMBANGUNAN LAPANGAN UPACARA SMPN 3 CILEUNGSI', 27, 'SMP', NULL, '-', 0, '0000-00-00', '0000-00-00', 0, '-14.2', '1899-11-29', '-', 'PL02', '0000-00-00 00:00:00', '0000-00-00 00:00:00', 0),
('8748', 'PEMBANGUNAN LAPANGAN UPACARA SMPN 2 KEMANG', 39, 'SMP', NULL, 'PV000005', 131833333, '2016-04-26', '0000-00-00', 60, '1.89%', '2016-06-24', '-', 'PL01', '0000-00-00 00:00:00', '0000-00-00 00:00:00', 0),
('8749', 'PEMBANGUNAN LAPANGAN UPACARA SMPN 2 PARUNG', 49, 'SMP', NULL, '-', 0, '0000-00-00', '0000-00-00', 0, '-14.2', '1899-11-29', '-', 'PL02', '0000-00-00 00:00:00', '0000-00-00 00:00:00', 0),
('8750', 'PEMBANGUNAN LAPANGAN UPACARA SMPN 2 DRAMAGA', 42, 'SMP', NULL, 'PV000012', 176852941, '0000-00-00', '0000-00-00', 60, '1.89%', '1900-01-28', '-', 'PL01', '0000-00-00 00:00:00', '0000-00-00 00:00:00', 0),
('8753', 'PEMBANGUNAN RKB SMPN 3 CIAWI ( RENCANA BERTINGKAT )', 32, 'SMP', NULL, '-', 0, '0000-00-00', '0000-00-00', 0, '-14.2', '1899-11-29', '-', 'PL02', '0000-00-00 00:00:00', '0000-00-00 00:00:00', 0),
('8766', 'REHABILITASI RUANG KELAS SMPN 1 PARUNGPANJANG', 56, 'SMP', NULL, '-', 0, '0000-00-00', '0000-00-00', 0, '-14.2', '1899-11-29', '-', 'PL02', '0000-00-00 00:00:00', '0000-00-00 00:00:00', 0),
('8767', 'REHABILITASI RUANG KELAS SMPN 1 DRAMAGA ( RENCANA BERTINGKAT )', 42, 'SMP', NULL, '-', 0, '0000-00-00', '0000-00-00', 0, '-14.2', '1899-11-29', '-', 'PL02', '0000-00-00 00:00:00', '0000-00-00 00:00:00', 0),
('8768', 'PEMBUATAN ATAP LAPANGAN FUTSAL KELAS OLAH RAGA SMPN 3 CIBINONG', 36, 'SMP', NULL, 'PV000020', 86735294, '0000-00-00', '0000-00-00', 60, '1.89%', '1900-01-28', '-', 'PL01', '0000-00-00 00:00:00', '0000-00-00 00:00:00', 0),
('8769', 'PEMBANGUNAN TURAB PENAHAN TEBING ( TPT) SMPN 2 TANJUNGSARI', 22, 'SMP', NULL, '-', 0, '0000-00-00', '0000-00-00', 0, '-14.2', '1899-11-29', '-', 'PL02', '0000-00-00 00:00:00', '0000-00-00 00:00:00', 0),
('8770', 'PEMBANGUNAN TURAB PENAHAN TEBING ( TPT ) SMPN 1 KEMANG', 39, 'SMP', NULL, '-', 0, '0000-00-00', '0000-00-00', 0, '-14.2', '1899-11-29', '-', 'PL02', '0000-00-00 00:00:00', '0000-00-00 00:00:00', 0),
('8771', 'PEMBANGUNAN TURAB PENAHAN TEBING ( TPT ) SMPN 2 CITEUREUP', 29, 'SMP', NULL, '-', 0, '0000-00-00', '0000-00-00', 0, '-14.2', '1899-11-29', '-', 'PL02', '0000-00-00 00:00:00', '0000-00-00 00:00:00', 0),
('8772', 'PEMBANGUNAN TURAB PENAHAN TEBING ( TPT ) SMPN 2 PARUNG', 49, 'SMP', NULL, '-', 0, '0000-00-00', '0000-00-00', 0, '-14.2', '1899-11-29', '-', 'PL02', '0000-00-00 00:00:00', '0000-00-00 00:00:00', 0),
('8773', 'PEMBANGUNAN UGB/USB SMPN 2 CISARUA', 24, 'SMP', NULL, '-', 0, '0000-00-00', '0000-00-00', 0, '-14.2', '1899-11-29', '-', 'PL02', '0000-00-00 00:00:00', '0000-00-00 00:00:00', 0),
('8786', 'PEMAGARAN AREAL SMPN 2 CIOMAS', 45, 'SMP', NULL, 'PV000009', 163205882, '2016-04-25', '0000-00-00', 60, '1.89%', '2016-06-23', 'SV000017', 'PL01', '0000-00-00 00:00:00', '0000-00-00 00:00:00', 0),
('8790', 'PEMBANGUNAN TPT SMPN 1 RANCABUNGUR', 40, 'SMP', NULL, 'PV000017', 174284000, '2016-04-15', '0000-00-00', 60, '1.89%', '2016-06-13', 'SV000013', 'PL01', '0000-00-00 00:00:00', '0000-00-00 00:00:00', 0),
('9033', 'PEMBANGUNAN RUANG KELAS BARU SMAN 03 CIBINONG (PENYELESAIAN)', 36, 'SMA', NULL, 'PV000101', 180627000, '2016-03-08', '0000-00-00', 60, '1.89%', '2016-05-06', 'SV000013', 'PL01', '0000-00-00 00:00:00', '0000-00-00 00:00:00', 0),
('9035', 'PEMBANGUNAN RUANG KELAS BARU SMAN 01 CARINGIN (PENYELESAIAN)', 33, 'SMA', NULL, 'PV000059', 92475000, '2016-03-08', '0000-00-00', 45, '2.63%', '2016-04-21', 'SV000013', 'PL01', '0000-00-00 00:00:00', '0000-00-00 00:00:00', 0),
('9038', 'PEMBANGUNAN RUANG KELAS BARU SMAN 1 GUNUNG PUTRI (PENYELESAIAN)', 28, 'SMA', NULL, 'PV000102', 110853000, '2016-03-08', '0000-00-00', 60, '1.89%', '2016-05-06', 'SV000006', 'PL01', '0000-00-00 00:00:00', '0000-00-00 00:00:00', 0),
('9041', 'PEMBANGUNAN RUANG KELAS BARU SMAN 01 KLAPANUNGGAL (PENYELESAIAN)', 26, 'SMA', NULL, 'PV000025', 112912000, '2016-03-08', '0000-00-00', 60, '1.89%', '2016-05-06', 'SV000006', 'PL01', '0000-00-00 00:00:00', '0000-00-00 00:00:00', 0),
('9044', 'REVITALISASI RUANG KANTOR SMAN 01 CARIU (PENYELESAIAN)', 21, 'SMA', NULL, 'PV000103', 75951000, '2016-03-08', '0000-00-00', 45, '2.63%', '2016-04-21', 'SV000006', 'PL01', '0000-00-00 00:00:00', '0000-00-00 00:00:00', 0),
('9046', 'REHABILITASI  RUANG KANTOR SMAN 01 PARUNG (PENYELESAIAN)', 49, 'SMA', NULL, 'PV000102', 112373000, '2016-03-08', '0000-00-00', 60, '1.89%', '2016-05-06', 'SV000013', 'PL01', '0000-00-00 00:00:00', '0000-00-00 00:00:00', 0),
('9047', 'REHABILITASI RUANG KANTOR SMAN 01 CILEUNGSI (PENYELESAIAN)', 27, 'SMA', NULL, 'PV000104', 155363000, '2016-03-08', '0000-00-00', 60, '1.89%', '2016-05-06', 'SV000013', 'PL02', '0000-00-00 00:00:00', '0000-00-00 00:00:00', 0);

-- --------------------------------------------------------

--
-- Table structure for table `trx_progress`
--

CREATE TABLE IF NOT EXISTS `trx_progress` (
  `PROGRESSID` int(11) NOT NULL AUTO_INCREMENT,
  `PROCNUMBER` varchar(10) NOT NULL,
  `PROGRESS` varchar(10) NOT NULL,
  `SPECIFICATION` varchar(255) DEFAULT NULL,
  `IMAGE1` varchar(255) DEFAULT NULL,
  `IMAGE2` varchar(255) DEFAULT NULL,
  `IMAGE3` varchar(255) DEFAULT NULL,
  `IMAGE4` varchar(255) DEFAULT NULL,
  `VIDEO` varchar(255) DEFAULT NULL,
  `CREATED` datetime NOT NULL,
  `UPDATED` datetime NOT NULL,
  `USERLOG` int(11) NOT NULL,
  PRIMARY KEY (`PROGRESSID`)
) ENGINE=InnoDB DEFAULT CHARSET=latin1 AUTO_INCREMENT=1 ;

-- --------------------------------------------------------

--
-- Table structure for table `trx_progress1`
--

CREATE TABLE IF NOT EXISTS `trx_progress1` (
  `PROGRESSID` int(11) NOT NULL AUTO_INCREMENT,
  `PROCNUMBER` varchar(10) NOT NULL,
  `STEP` int(11) NOT NULL,
  `ATAPPENUTUP` float NOT NULL,
  `ATAPRANGKA` float NOT NULL,
  `ATAPLIS` float NOT NULL,
  `PLAFONRANGKA` float NOT NULL,
  `PLAFONPENUTUP` float NOT NULL,
  `PLAFONCAT` float NOT NULL,
  `DINDINGKOLOM` float NOT NULL,
  `DINDINGBATA` float NOT NULL,
  `DINDINGCAT` float NOT NULL,
  `PINTUJENDELAKUSEN` float NOT NULL,
  `PINTUJENDELADAUNP` float NOT NULL,
  `PINTUJENDELADAUNJ` float NOT NULL,
  `LANTAISTRUKTUR` float NOT NULL,
  `LANTAIPENUTUP` float NOT NULL,
  `PONDASI` float NOT NULL,
  `PONDASISLOOF` float NOT NULL,
  `UTILITASLISTRIK` float NOT NULL,
  `UTILITASINSTALASIAIR` float NOT NULL,
  `TOTAL` float NOT NULL,
  `NOTE` text,
  `VIDEO` varchar(500) NOT NULL,
  `VIDEONAME` varchar(500) NOT NULL,
  `FILETYPE` varchar(50) NOT NULL,
  `RDOATAPPENUTUP` int(11) NOT NULL,
  `RDOATAPRANGKA` int(11) NOT NULL,
  `RDOATAPLIS` int(11) NOT NULL,
  `RDOPLAFONRANGKA` int(11) NOT NULL,
  `RDOPLAFONPENUTUP` int(11) NOT NULL,
  `RDOPLAFONCAT` int(11) NOT NULL,
  `RDODINDINGKOLOM` int(11) NOT NULL,
  `RDODINDINGBATA` int(11) NOT NULL,
  `RDODINDINGCAT` int(11) NOT NULL,
  `RDOPINTUJENDELAKUSEN` int(11) NOT NULL,
  `RDOPINTUJENDELADAUNP` int(11) NOT NULL,
  `RDOPINTUJENDELADAUNJ` int(11) NOT NULL,
  `RDOLANTAISTRUKTUR` int(11) NOT NULL,
  `RDOLANTAIPENUTUP` int(11) NOT NULL,
  `RDOPONDASI` int(11) NOT NULL,
  `RDOPONDASISLOOF` int(11) NOT NULL,
  `RDOUTILITASLISTRIK` int(11) NOT NULL,
  `RDOUTILITASINSTALASIAIR` int(11) NOT NULL,
  `CREATED` datetime DEFAULT NULL,
  `UPDATED` datetime DEFAULT NULL,
  `USERLOG` varchar(255) DEFAULT NULL,
  PRIMARY KEY (`PROGRESSID`)
) ENGINE=InnoDB  DEFAULT CHARSET=latin1 AUTO_INCREMENT=24 ;

--
-- Dumping data for table `trx_progress1`
--

INSERT INTO `trx_progress1` (`PROGRESSID`, `PROCNUMBER`, `STEP`, `ATAPPENUTUP`, `ATAPRANGKA`, `ATAPLIS`, `PLAFONRANGKA`, `PLAFONPENUTUP`, `PLAFONCAT`, `DINDINGKOLOM`, `DINDINGBATA`, `DINDINGCAT`, `PINTUJENDELAKUSEN`, `PINTUJENDELADAUNP`, `PINTUJENDELADAUNJ`, `LANTAISTRUKTUR`, `LANTAIPENUTUP`, `PONDASI`, `PONDASISLOOF`, `UTILITASLISTRIK`, `UTILITASINSTALASIAIR`, `TOTAL`, `NOTE`, `VIDEO`, `VIDEONAME`, `FILETYPE`, `RDOATAPPENUTUP`, `RDOATAPRANGKA`, `RDOATAPLIS`, `RDOPLAFONRANGKA`, `RDOPLAFONPENUTUP`, `RDOPLAFONCAT`, `RDODINDINGKOLOM`, `RDODINDINGBATA`, `RDODINDINGCAT`, `RDOPINTUJENDELAKUSEN`, `RDOPINTUJENDELADAUNP`, `RDOPINTUJENDELADAUNJ`, `RDOLANTAISTRUKTUR`, `RDOLANTAIPENUTUP`, `RDOPONDASI`, `RDOPONDASISLOOF`, `RDOUTILITASLISTRIK`, `RDOUTILITASINSTALASIAIR`, `CREATED`, `UPDATED`, `USERLOG`) VALUES
(21, '8744', 1, 0, 0, 0, 0, 0, 0, 9.66, 13.68, 0, 2.7, 2.47, 5.15, 2.89, 3.58, 11.15, 3.3, 1.79, 1.22, 57.59, '', '8744_1__P5100514.mp4', 'P5100514.mp4', 'video/mp4', 0, 0, 0, 0, 0, 0, 10, 10, 0, 10, 10, 10, 10, 4, 10, 10, 10, 10, '2016-05-14 16:53:55', NULL, NULL);

-- --------------------------------------------------------

--
-- Table structure for table `trx_termin`
--

CREATE TABLE IF NOT EXISTS `trx_termin` (
  `PROCNUMBER` varchar(10) NOT NULL,
  `STEP` int(11) NOT NULL,
  `INDEXDAY` int(11) NOT NULL,
  `ALERTDATE` date NOT NULL,
  `DUEDATE` date NOT NULL,
  `SUBCONTRACTVALUE` int(11) NOT NULL,
  PRIMARY KEY (`PROCNUMBER`,`STEP`)
) ENGINE=InnoDB DEFAULT CHARSET=latin1;

--
-- Dumping data for table `trx_termin`
--

INSERT INTO `trx_termin` (`PROCNUMBER`, `STEP`, `INDEXDAY`, `ALERTDATE`, `DUEDATE`, `SUBCONTRACTVALUE`) VALUES
('0008', 1, 3, '1970-01-01', '0000-00-00', 0),
('0008', 2, 0, '1970-01-01', '1970-01-01', 0),
('0039', 1, 5, '0000-00-00', '0000-00-00', 0),
('0039', 2, 3, '1970-01-01', '0000-00-00', 0),
('0039', 3, 1, '1970-01-01', '0000-00-00', 0),
('0039', 4, 0, '1970-01-01', '1970-01-01', 0),
('0044', 1, 5, '0000-00-00', '0000-00-00', 0),
('0044', 2, 3, '1970-01-01', '0000-00-00', 0),
('0044', 3, 1, '1970-01-01', '0000-00-00', 0),
('0044', 4, 0, '1970-01-01', '1970-01-01', 0),
('0050', 1, 5, '0000-00-00', '0000-00-00', 0),
('0050', 2, 3, '1970-01-01', '0000-00-00', 0),
('0050', 3, 1, '1970-01-01', '0000-00-00', 0),
('0050', 4, 0, '1970-01-01', '1970-01-01', 0),
('0051', 1, 5, '0000-00-00', '0000-00-00', 0),
('0051', 2, 3, '1970-01-01', '0000-00-00', 0),
('0051', 3, 1, '1970-01-01', '0000-00-00', 0),
('0051', 4, 0, '1970-01-01', '1970-01-01', 0),
('0052', 1, 5, '0000-00-00', '0000-00-00', 0),
('0052', 2, 3, '1970-01-01', '0000-00-00', 0),
('0052', 3, 1, '1970-01-01', '0000-00-00', 0),
('0052', 4, 0, '1970-01-01', '1970-01-01', 0),
('0053', 1, 5, '0000-00-00', '0000-00-00', 0),
('0053', 2, 3, '1970-01-01', '0000-00-00', 0),
('0053', 3, 1, '1970-01-01', '0000-00-00', 0),
('0053', 4, 0, '1970-01-01', '1970-01-01', 0),
('0054', 1, 5, '0000-00-00', '0000-00-00', 0),
('0054', 2, 3, '1970-01-01', '0000-00-00', 0),
('0054', 3, 1, '1970-01-01', '0000-00-00', 0),
('0054', 4, 0, '1970-01-01', '1970-01-01', 0),
('0055', 1, 5, '0000-00-00', '0000-00-00', 0),
('0055', 2, 3, '1970-01-01', '0000-00-00', 0),
('0055', 3, 1, '1970-01-01', '0000-00-00', 0),
('0055', 4, 0, '1970-01-01', '1970-01-01', 0),
('0056', 1, 3, '1970-01-01', '0000-00-00', 0),
('0056', 2, 0, '1970-01-01', '1970-01-01', 0),
('1002', 1, 3, '1970-01-01', '0000-00-00', 0),
('1002', 2, 0, '1970-01-01', '1970-01-01', 0),
('1100', 1, 5, '0000-00-00', '0000-00-00', 0),
('1100', 2, 3, '1970-01-01', '0000-00-00', 0),
('1100', 3, 1, '1970-01-01', '0000-00-00', 0),
('1100', 4, 0, '1970-01-01', '1970-01-01', 0),
('1613', 1, 5, '0000-00-00', '0000-00-00', 0),
('1613', 2, 3, '1970-01-01', '0000-00-00', 0),
('1613', 3, 1, '1970-01-01', '0000-00-00', 0),
('1613', 4, 0, '1970-01-01', '1970-01-01', 0),
('1614', 1, 5, '0000-00-00', '0000-00-00', 0),
('1614', 2, 3, '1970-01-01', '0000-00-00', 0),
('1614', 3, 1, '1970-01-01', '0000-00-00', 0),
('1614', 4, 0, '1970-01-01', '1970-01-01', 0),
('1616', 1, 5, '0000-00-00', '0000-00-00', 0),
('1616', 2, 3, '1970-01-01', '0000-00-00', 0),
('1616', 3, 1, '1970-01-01', '0000-00-00', 0),
('1616', 4, 0, '1970-01-01', '1970-01-01', 0),
('1620', 1, 5, '0000-00-00', '0000-00-00', 0),
('1620', 2, 3, '1970-01-01', '0000-00-00', 0),
('1620', 3, 1, '1970-01-01', '0000-00-00', 0),
('1620', 4, 0, '1970-01-01', '1970-01-01', 0),
('1631', 1, 5, '0000-00-00', '0000-00-00', 0),
('1631', 2, 3, '1970-01-01', '0000-00-00', 0),
('1631', 3, 1, '1970-01-01', '0000-00-00', 0),
('1631', 4, 0, '1970-01-01', '1970-01-01', 0),
('2900', 1, 36, '2016-05-15', '2016-05-18', 43517500),
('2900', 2, 60, '2016-06-08', '2016-06-11', 43517500),
('2901', 1, 36, '2016-05-15', '2016-05-18', 43517500),
('2901', 2, 60, '2016-06-08', '2016-06-11', 43517500),
('2902', 1, 36, '2016-05-15', '2016-05-18', 43517500),
('2902', 2, 60, '2016-06-08', '2016-06-11', 43517500),
('2903', 1, 36, '2016-04-08', '2016-04-11', 43517500),
('2903', 2, 60, '2016-05-02', '2016-05-05', 43517500),
('2904', 1, 36, '2016-05-15', '2016-05-18', 43517500),
('2904', 2, 60, '2016-06-08', '2016-06-11', 43517500),
('2905', 1, 36, '2016-05-15', '2016-05-18', 43517500),
('2905', 2, 60, '2016-06-08', '2016-06-11', 43517500),
('2906', 1, 36, '2016-05-15', '2016-05-18', 43517500),
('2906', 2, 60, '2016-06-08', '2016-06-11', 43517500),
('2907', 1, 36, '2016-05-15', '2016-05-18', 43517500),
('2907', 2, 60, '2016-06-08', '2016-06-11', 43517500),
('2908', 1, 36, '2016-04-05', '2016-04-08', 43517500),
('2908', 2, 60, '2016-04-29', '2016-05-02', 43517500),
('2909', 1, 36, '2016-04-05', '2016-04-08', 43517500),
('2909', 2, 60, '2016-04-29', '2016-05-02', 43517500),
('2910', 1, 36, '2016-04-08', '2016-04-11', 43517500),
('2910', 2, 60, '2016-05-02', '2016-05-05', 43517500),
('2911', 1, 36, '2016-04-05', '2016-04-08', 43517500),
('2911', 2, 60, '2016-04-29', '2016-05-02', 43517500),
('2912', 1, 36, '2016-04-08', '2016-04-11', 43517500),
('2912', 2, 60, '2016-05-02', '2016-05-05', 43517500),
('2913', 1, 36, '2016-05-15', '2016-05-18', 43517500),
('2913', 2, 60, '2016-06-08', '2016-06-11', 43517500),
('2914', 1, 36, '2016-05-15', '2016-05-18', 43517500),
('2914', 2, 60, '2016-06-08', '2016-06-11', 43517500),
('2915', 1, 36, '2016-05-15', '2016-05-18', 43517500),
('2915', 2, 60, '2016-06-08', '2016-06-11', 43517500),
('2916', 1, 36, '2016-05-16', '2016-05-19', 43517500),
('2916', 2, 60, '2016-06-09', '2016-06-12', 43517500),
('2917', 1, 36, '2016-05-16', '2016-05-19', 43517500),
('2917', 2, 60, '2016-06-09', '2016-06-12', 43517500),
('2918', 1, 36, '2016-05-16', '2016-05-19', 43517500),
('2918', 2, 60, '2016-06-09', '2016-06-12', 43517500),
('2919', 1, 36, '2016-04-08', '2016-04-11', 43517500),
('2919', 2, 60, '2016-05-02', '2016-05-05', 43517500),
('2920', 1, 36, '2016-04-08', '2016-04-11', 43517500),
('2920', 2, 60, '2016-05-02', '2016-05-05', 43517500),
('2921', 1, 36, '2016-05-16', '2016-05-19', 43517500),
('2921', 2, 60, '2016-06-09', '2016-06-12', 43517500),
('2922', 1, 36, '2016-05-16', '2016-05-19', 43517500),
('2922', 2, 60, '2016-06-09', '2016-06-12', 43517500),
('2923', 1, 39, '2016-05-19', '2016-05-22', 52221000),
('2923', 2, 60, '2016-06-09', '2016-06-12', 34814000),
('2924', 1, 36, '2016-05-16', '2016-05-19', 43517500),
('2924', 2, 60, '2016-06-09', '2016-06-12', 43517500),
('2925', 1, 36, '2016-05-16', '2016-05-19', 43517500),
('2925', 2, 60, '2016-06-09', '2016-06-12', 43517500),
('2926', 1, 36, '2016-04-09', '2016-04-12', 43517500),
('2926', 2, 60, '2016-05-03', '2016-05-06', 43517500),
('2927', 1, 36, '2016-05-16', '2016-05-19', 90209000),
('2927', 2, 60, '2016-06-09', '2016-06-12', 90209000),
('2928', 1, 36, '2016-05-16', '2016-05-19', 43517500),
('2928', 2, 60, '2016-06-09', '2016-06-12', 43517500),
('2929', 1, 36, '2016-04-09', '2016-04-12', 43517500),
('2929', 2, 60, '2016-05-03', '2016-05-06', 43517500),
('2930', 1, 36, '2016-05-16', '2016-05-19', 43517500),
('2930', 2, 60, '2016-06-09', '2016-06-12', 43517500),
('2931', 1, 36, '2016-05-16', '2016-05-19', 43517500),
('2931', 2, 60, '2016-06-09', '2016-06-12', 43517500),
('2932', 1, 36, '2016-04-05', '2016-04-08', 43517500),
('2932', 2, 60, '2016-04-29', '2016-05-02', 43517500),
('2934', 1, 36, '2016-05-16', '2016-05-19', 43517500),
('2934', 2, 60, '2016-06-09', '2016-06-12', 43517500),
('2936', 1, 36, '2016-05-17', '2016-05-20', 43517500),
('2936', 2, 60, '2016-06-10', '2016-06-13', 43517500),
('2937', 1, 36, '2016-04-09', '2016-04-12', 43517500),
('2937', 2, 60, '2016-05-03', '2016-05-06', 43517500),
('2938', 1, 36, '2016-05-17', '2016-05-20', 43517500),
('2938', 2, 60, '2016-06-10', '2016-06-13', 43517500),
('2939', 1, 36, '2016-05-17', '2016-05-20', 43517500),
('2939', 2, 60, '2016-06-10', '2016-06-13', 43517500),
('2940', 1, 36, '2016-05-17', '2016-05-20', 43517500),
('2940', 2, 60, '2016-06-10', '2016-06-13', 43517500),
('2941', 1, 36, '2016-05-17', '2016-05-20', 43517500),
('2941', 2, 60, '2016-06-10', '2016-06-13', 43517500),
('2942', 1, 36, '2016-05-17', '2016-05-20', 43517500),
('2942', 2, 60, '2016-06-10', '2016-06-13', 43517500),
('2943', 1, 36, '2016-05-17', '2016-05-20', 43517500),
('2943', 2, 60, '2016-06-10', '2016-06-13', 43517500),
('2944', 1, 36, '2016-05-17', '2016-05-20', 43517500),
('2944', 2, 60, '2016-06-10', '2016-06-13', 43517500),
('2945', 1, 36, '2016-05-17', '2016-05-20', 43517500),
('2945', 2, 60, '2016-06-10', '2016-06-13', 43517500),
('2946', 1, 36, '2016-04-08', '2016-04-11', 43517500),
('2946', 2, 60, '2016-05-02', '2016-05-05', 43517500),
('2947', 1, 36, '2016-04-08', '2016-04-11', 43517500),
('2947', 2, 60, '2016-05-02', '2016-05-05', 43517500),
('2948', 1, 36, '2016-05-17', '2016-05-20', 43517500),
('2948', 2, 60, '2016-06-10', '2016-06-13', 43517500),
('2949', 1, 36, '2016-05-17', '2016-05-20', 43517500),
('2949', 2, 60, '2016-06-10', '2016-06-13', 43517500),
('2950', 1, 36, '2016-04-05', '2016-04-08', 43517500),
('2950', 2, 60, '2016-04-29', '2016-05-02', 43517500),
('2951', 1, 36, '2016-04-05', '2016-04-08', 43517500),
('2951', 2, 60, '2016-04-29', '2016-05-02', 43517500),
('2952', 1, 36, '2016-04-05', '2016-04-08', 43517500),
('2952', 2, 60, '2016-04-29', '2016-05-02', 43517500),
('2953', 1, 36, '2016-05-17', '2016-05-20', 43517500),
('2953', 2, 60, '2016-06-10', '2016-06-13', 43517500),
('2954', 1, 36, '2016-04-08', '2016-04-11', 43517500),
('2954', 2, 60, '2016-05-02', '2016-05-05', 43517500),
('2955', 1, 36, '2016-04-08', '2016-04-11', 43517500),
('2955', 2, 60, '2016-05-02', '2016-05-05', 43517500),
('2956', 1, 36, '2016-04-08', '2016-04-11', 43517500),
('2956', 2, 60, '2016-05-02', '2016-05-05', 43517500),
('2957', 1, 36, '2016-04-08', '2016-04-11', 43517500),
('2957', 2, 60, '2016-05-02', '2016-05-05', 43517500),
('2958', 1, 36, '2016-04-08', '2016-04-11', 43517500),
('2958', 2, 60, '2016-05-02', '2016-05-05', 43517500),
('2959', 1, 36, '2016-04-08', '2016-04-11', 43517500),
('2959', 2, 60, '2016-05-02', '2016-05-05', 43517500),
('2960', 1, 36, '2016-04-08', '2016-04-11', 43517500),
('2960', 2, 60, '2016-05-02', '2016-05-05', 43517500),
('2961', 1, 36, '2016-05-17', '2016-05-20', 71581500),
('2961', 2, 60, '2016-06-10', '2016-06-13', 71581500),
('2962', 1, 36, '2016-05-17', '2016-05-20', 90209000),
('2962', 2, 60, '2016-06-10', '2016-06-13', 90209000),
('2963', 1, 36, '2016-04-09', '2016-04-12', 75772500),
('2963', 2, 60, '2016-05-03', '2016-05-06', 75772500),
('2964', 1, 36, '2016-05-20', '2016-05-23', 80895000),
('2964', 2, 60, '2016-06-13', '2016-06-16', 80895000),
('2965', 1, 36, '2016-05-20', '2016-05-23', 36302000),
('2965', 2, 60, '2016-06-13', '2016-06-16', 36302000),
('2966', 1, 36, '2016-05-20', '2016-05-23', 0),
('2966', 2, 60, '2016-06-13', '2016-06-16', 0),
('2967', 1, 36, '2016-05-20', '2016-05-23', 0),
('2967', 2, 60, '2016-06-13', '2016-06-16', 0),
('2968', 1, 36, '2016-05-20', '2016-05-23', 0),
('2968', 2, 60, '2016-06-13', '2016-06-16', 0),
('2969', 1, 36, '2016-04-05', '2016-04-08', 87712500),
('2969', 2, 60, '2016-04-29', '2016-05-02', 87712500),
('2970', 1, 36, '2016-05-15', '2016-05-18', 43517500),
('2970', 2, 60, '2016-06-08', '2016-06-11', 43517500),
('2971', 1, 36, '2016-05-16', '2016-05-19', 43517500),
('2971', 2, 60, '2016-06-09', '2016-06-12', 43517500),
('5086', 1, 36, '2016-05-27', '2016-05-30', 67231000),
('5086', 2, 60, '2016-06-20', '2016-06-23', 67231000),
('5091', 1, 36, '2016-05-20', '2016-05-23', 67231000),
('5091', 2, 60, '2016-06-13', '2016-06-16', 67231000),
('5136', 1, 36, '2016-05-20', '2016-05-23', 67231000),
('5136', 2, 60, '2016-06-13', '2016-06-16', 67231000),
('5142', 1, 36, '2016-05-20', '2016-05-23', 67231000),
('5142', 2, 60, '2016-06-13', '2016-06-16', 67231000),
('5156', 1, 36, '2016-05-17', '2016-05-20', 52341000),
('5156', 2, 60, '2016-06-10', '2016-06-13', 52341000),
('5157', 1, 36, '2016-05-20', '2016-05-23', 52341000),
('5157', 2, 60, '2016-06-13', '2016-06-16', 52341000),
('5163', 1, 36, '2016-05-27', '2016-05-30', 96570500),
('5163', 2, 60, '2016-06-20', '2016-06-23', 96570500),
('7001', 1, 20, '2016-03-24', '2016-03-27', 71251000),
('7001', 2, 30, '2016-04-03', '2016-04-06', 71251000),
('7002', 1, 20, '2016-03-24', '2016-03-27', 67758000),
('7002', 2, 30, '2016-04-03', '2016-04-06', 67758000),
('7003', 1, 20, '2016-03-20', '2016-03-23', 41356000),
('7003', 2, 30, '2016-03-30', '2016-04-02', 41356000),
('7004', 1, 20, '2016-03-20', '2016-03-23', 52022500),
('7004', 2, 30, '2016-03-30', '2016-04-02', 52022500),
('7005', 1, 20, '2016-03-20', '2016-03-23', 62692500),
('7005', 2, 30, '2016-03-30', '2016-04-02', 62692500),
('7006', 1, 20, '2016-03-20', '2016-03-23', 62692500),
('7006', 2, 30, '2016-03-30', '2016-04-02', 62692500),
('7007', 1, 20, '2016-03-20', '2016-03-23', 26728500),
('7007', 2, 30, '2016-03-30', '2016-04-02', 26728500),
('7008', 1, 20, '2016-03-20', '2016-03-23', 85184500),
('7008', 2, 30, '2016-03-30', '2016-04-02', 85184500),
('7009', 1, 20, '2016-04-29', '2016-05-02', 52022500),
('7009', 2, 30, '2016-05-09', '2016-05-12', 52022500),
('7011', 1, 20, '2016-03-20', '2016-03-23', 72856000),
('7011', 2, 30, '2016-03-30', '2016-04-02', 72856000),
('7012', 1, 20, '2016-03-20', '2016-03-23', 72856000),
('7012', 2, 30, '2016-03-30', '2016-04-02', 72856000),
('7013', 1, 20, '2016-03-20', '2016-03-23', 72856000),
('7013', 2, 30, '2016-03-30', '2016-04-02', 72856000),
('7015', 1, 20, '2016-03-20', '2016-03-23', 26863000),
('7015', 2, 30, '2016-03-30', '2016-04-02', 26863000),
('7016', 1, 20, '2016-03-20', '2016-03-23', 52022500),
('7016', 2, 30, '2016-03-30', '2016-04-02', 52022500),
('7017', 1, 20, '2016-03-20', '2016-03-23', 53493000),
('7017', 2, 30, '2016-03-30', '2016-04-02', 53493000),
('7018', 1, 20, '2016-03-23', '2016-03-26', 82733500),
('7018', 2, 30, '2016-04-02', '2016-04-05', 82733500),
('7019', 1, 20, '2016-03-20', '2016-03-23', 16557000),
('7019', 2, 30, '2016-03-30', '2016-04-02', 16557000),
('7020', 1, 20, '2016-03-23', '2016-03-26', 82733500),
('7020', 2, 30, '2016-04-02', '2016-04-05', 82733500),
('7021', 1, 20, '2016-03-20', '2016-03-23', 52022500),
('7021', 2, 30, '2016-03-30', '2016-04-02', 52022500),
('7022', 1, 20, '2016-03-20', '2016-03-23', 62694000),
('7022', 2, 30, '2016-03-30', '2016-04-02', 62694000),
('7023', 1, 20, '2016-03-20', '2016-03-23', 52047000),
('7023', 2, 30, '2016-03-30', '2016-04-02', 52047000),
('7024', 1, 20, '2016-03-20', '2016-03-23', 25821500),
('7024', 2, 30, '2016-03-30', '2016-04-02', 25821500),
('7025', 1, 20, '2016-03-20', '2016-03-23', 52586500),
('7025', 2, 30, '2016-03-30', '2016-04-02', 52586500),
('7026', 1, 20, '2016-05-01', '2016-05-04', 50037500),
('7026', 2, 30, '2016-05-11', '2016-05-14', 50037500),
('7027', 1, 20, '2016-04-29', '2016-05-02', 41434500),
('7027', 2, 30, '2016-05-09', '2016-05-12', 41434500),
('7028', 1, 20, '2016-03-20', '2016-03-23', 29669500),
('7028', 2, 30, '2016-03-30', '2016-04-02', 29669500),
('7029', 1, 20, '2016-03-23', '2016-03-26', 93762500),
('7029', 2, 30, '2016-04-02', '2016-04-05', 93762500),
('7030', 1, 20, '2016-03-20', '2016-03-23', 19620500),
('7030', 2, 30, '2016-03-30', '2016-04-02', 19620500),
('7031', 1, 20, '2016-03-23', '2016-03-26', 19620500),
('7031', 2, 30, '2016-04-02', '2016-04-05', 19620500),
('7032', 1, 20, '2016-03-20', '2016-03-23', 30650000),
('7032', 2, 30, '2016-03-30', '2016-04-02', 30650000),
('7033', 1, 20, '2016-04-30', '2016-05-03', 30650000),
('7033', 2, 30, '2016-05-10', '2016-05-13', 30650000),
('7034', 1, 20, '2016-05-01', '2016-05-04', 46826500),
('7034', 2, 30, '2016-05-11', '2016-05-14', 46826500),
('7035', 1, 20, '2016-03-20', '2016-03-23', 86042000),
('7035', 2, 30, '2016-03-30', '2016-04-02', 86042000),
('7036', 1, 20, '2016-03-20', '2016-03-23', 13027500),
('7036', 2, 30, '2016-03-30', '2016-04-02', 13027500),
('7037', 1, 20, '2016-03-20', '2016-03-23', 13493000),
('7037', 2, 30, '2016-03-30', '2016-04-02', 13493000),
('7038', 1, 20, '2016-03-20', '2016-03-23', 11655000),
('7038', 2, 30, '2016-03-30', '2016-04-02', 11655000),
('7039', 1, 20, '2016-03-20', '2016-03-23', 51115500),
('7039', 2, 30, '2016-03-30', '2016-04-02', 51115500),
('7040', 1, 20, '2016-03-20', '2016-03-23', 42292000),
('7040', 2, 30, '2016-03-30', '2016-04-02', 42292000),
('7041', 1, 20, '2016-03-20', '2016-03-23', 56508000),
('7041', 2, 30, '2016-03-30', '2016-04-02', 56508000),
('7042', 1, 20, '2016-03-20', '2016-03-23', 75625500),
('7042', 2, 30, '2016-03-30', '2016-04-02', 75625500),
('7043', 1, 20, '2016-03-20', '2016-03-23', 17782500),
('7043', 2, 30, '2016-03-30', '2016-04-02', 17782500),
('7044', 1, 20, '2016-03-20', '2016-03-23', 40576500),
('7044', 2, 30, '2016-03-30', '2016-04-02', 40576500),
('7045', 1, 20, '2016-03-20', '2016-03-23', 33223500),
('7045', 2, 30, '2016-03-30', '2016-04-02', 33223500),
('7046', 1, 20, '2016-03-20', '2016-03-23', 33223500),
('7046', 2, 30, '2016-03-30', '2016-04-02', 33223500),
('7047', 1, 20, '2016-03-20', '2016-03-23', 40576500),
('7047', 2, 30, '2016-03-30', '2016-04-02', 40576500),
('7048', 1, 20, '2016-03-23', '2016-03-26', 63125500),
('7048', 2, 30, '2016-04-02', '2016-04-05', 63125500),
('7049', 1, 20, '2016-04-29', '2016-05-02', 45478500),
('7049', 2, 30, '2016-05-09', '2016-05-12', 45478500),
('7050', 1, 20, '2016-03-23', '2016-03-26', 53321500),
('7050', 2, 30, '2016-04-02', '2016-04-05', 53321500),
('7051', 1, 20, '2016-03-23', '2016-03-26', 54302000),
('7051', 2, 30, '2016-04-02', '2016-04-05', 54302000),
('7052', 1, 20, '2016-03-20', '2016-03-23', 11655000),
('7052', 2, 30, '2016-03-30', '2016-04-02', 11655000),
('7053', 1, 20, '2016-03-20', '2016-03-23', 90086500),
('7053', 2, 30, '2016-03-30', '2016-04-02', 90086500),
('7054', 1, 20, '2016-03-23', '2016-03-26', 60674500),
('7054', 2, 30, '2016-04-02', '2016-04-05', 60674500),
('7055', 1, 20, '2016-03-24', '2016-03-27', 40576500),
('7055', 2, 30, '2016-04-03', '2016-04-06', 40576500),
('7056', 1, 20, '2016-05-15', '2016-05-18', 57733500),
('7056', 2, 30, '2016-05-25', '2016-05-28', 57733500),
('7057', 1, 20, '2016-03-20', '2016-03-23', 57733500),
('7057', 2, 30, '2016-03-30', '2016-04-02', 57733500),
('7058', 1, 20, '2016-03-20', '2016-03-23', 33713500),
('7058', 2, 30, '2016-03-30', '2016-04-02', 33713500),
('7059', 1, 20, '2016-03-23', '2016-03-26', 58223500),
('7059', 2, 30, '2016-04-02', '2016-04-05', 58223500),
('7060', 1, 20, '2016-03-23', '2016-03-26', 33713500),
('7060', 2, 30, '2016-04-02', '2016-04-05', 33713500),
('7061', 1, 20, '2016-03-23', '2016-03-26', 58223500),
('7061', 2, 30, '2016-04-02', '2016-04-05', 58223500),
('7062', 1, 20, '2016-05-11', '2016-05-14', 14106000),
('7062', 2, 30, '2016-05-21', '2016-05-24', 14106000),
('7063', 1, 20, '2016-03-23', '2016-03-26', 58223500),
('7063', 2, 30, '2016-04-02', '2016-04-05', 58223500),
('7064', 1, 20, '2016-03-23', '2016-03-26', 30723500),
('7064', 2, 30, '2016-04-02', '2016-04-05', 30723500),
('7065', 1, 20, '2016-04-30', '2016-05-03', 14106000),
('7065', 2, 30, '2016-05-10', '2016-05-13', 14106000),
('7066', 1, 20, '2016-03-24', '2016-03-27', 85919500),
('7066', 2, 30, '2016-04-03', '2016-04-06', 85919500),
('7067', 1, 20, '2016-04-29', '2016-05-02', 60919500),
('7067', 2, 30, '2016-05-09', '2016-05-12', 60919500),
('7068', 1, 20, '2016-04-29', '2016-05-02', 68076500),
('7068', 2, 30, '2016-05-09', '2016-05-12', 68076500),
('7069', 1, 20, '2016-03-24', '2016-03-27', 14106000),
('7069', 2, 30, '2016-04-03', '2016-04-06', 14106000),
('7072', 1, 20, '2016-03-23', '2016-03-26', 53713500),
('7072', 2, 30, '2016-04-02', '2016-04-05', 53713500),
('7073', 1, 20, '2016-03-24', '2016-03-27', 31262500),
('7073', 2, 30, '2016-04-03', '2016-04-06', 31262500),
('7074', 1, 20, '2016-03-24', '2016-03-27', 31262500),
('7074', 2, 30, '2016-04-03', '2016-04-06', 31262500),
('7075', 1, 20, '2016-03-24', '2016-03-27', 32488000),
('7075', 2, 30, '2016-04-03', '2016-04-06', 32488000),
('7076', 1, 20, '2016-03-24', '2016-03-27', 25625500),
('7076', 2, 30, '2016-04-03', '2016-04-06', 25625500),
('7077', 1, 20, '2016-03-23', '2016-03-26', 16557000),
('7077', 2, 30, '2016-04-02', '2016-04-05', 16557000),
('7078', 1, 20, '2016-05-15', '2016-05-18', 16557000),
('7078', 2, 30, '2016-05-25', '2016-05-28', 16557000),
('7079', 1, 20, '2016-03-24', '2016-03-27', 16557000),
('7079', 2, 30, '2016-04-03', '2016-04-06', 16557000),
('7080', 1, 20, '2016-03-23', '2016-03-26', 46459000),
('7080', 2, 30, '2016-04-02', '2016-04-05', 46459000),
('7081', 1, 20, '2016-03-23', '2016-03-26', 28321500),
('7081', 2, 30, '2016-04-02', '2016-04-05', 28321500),
('7082', 1, 20, '2016-05-15', '2016-05-18', 26704000),
('7082', 2, 30, '2016-05-25', '2016-05-28', 26704000),
('7083', 1, 20, '2016-03-23', '2016-03-26', 55919500),
('7083', 2, 30, '2016-04-02', '2016-04-05', 55919500),
('7084', 1, 20, '2016-03-23', '2016-03-26', 55037500),
('7084', 2, 30, '2016-04-02', '2016-04-05', 55037500),
('7085', 1, 20, '2016-03-23', '2016-03-26', 95728000),
('7085', 2, 30, '2016-04-02', '2016-04-05', 95728000),
('7087', 1, 20, '2016-03-23', '2016-03-26', 96826500),
('7087', 2, 30, '2016-04-02', '2016-04-05', 96826500),
('7088', 1, 20, '2016-03-23', '2016-03-26', 47194000),
('7088', 2, 30, '2016-04-02', '2016-04-05', 47194000),
('7089', 1, 20, '2016-03-23', '2016-03-26', 52537500),
('7089', 2, 30, '2016-04-02', '2016-04-05', 52537500),
('7090', 1, 20, '2016-03-23', '2016-03-26', 53321500),
('7090', 2, 30, '2016-04-02', '2016-04-05', 53321500),
('7091', 1, 20, '2016-03-23', '2016-03-26', 94988000),
('7091', 2, 30, '2016-04-02', '2016-04-05', 94988000),
('7092', 1, 20, '2016-03-23', '2016-03-26', 53321500),
('7092', 2, 30, '2016-04-02', '2016-04-05', 53321500),
('7093', 1, 20, '2016-03-23', '2016-03-26', 47194000),
('7093', 2, 30, '2016-04-02', '2016-04-05', 47194000),
('7094', 1, 20, '2016-03-23', '2016-03-26', 71949000),
('7094', 2, 30, '2016-04-02', '2016-04-05', 71949000),
('7095', 1, 20, '2016-03-23', '2016-03-26', 65086500),
('7095', 2, 30, '2016-04-02', '2016-04-05', 65086500),
('7096', 1, 20, '2016-03-23', '2016-03-26', 34204000),
('7096', 2, 30, '2016-04-02', '2016-04-05', 34204000),
('7097', 1, 20, '2016-03-23', '2016-03-26', 16851000),
('7097', 2, 30, '2016-04-02', '2016-04-05', 16851000),
('7098', 1, 20, '2016-03-23', '2016-03-26', 16851000),
('7098', 2, 30, '2016-04-02', '2016-04-05', 16851000),
('7099', 1, 20, '2016-03-24', '2016-03-27', 46336500),
('7099', 2, 30, '2016-04-03', '2016-04-06', 46336500),
('7100', 1, 20, '2016-03-24', '2016-03-27', 46336500),
('7100', 2, 30, '2016-04-03', '2016-04-06', 46336500),
('7102', 1, 20, '2016-03-24', '2016-03-27', 16679500),
('7102', 2, 30, '2016-04-03', '2016-04-06', 16679500),
('7103', 1, 20, '2016-03-24', '2016-03-27', 16679500),
('7103', 2, 30, '2016-04-03', '2016-04-06', 16679500),
('7104', 1, 20, '2016-03-24', '2016-03-27', 47807000),
('7104', 2, 30, '2016-04-03', '2016-04-06', 47807000),
('7105', 1, 20, '2016-03-24', '2016-03-27', 47807000),
('7105', 2, 30, '2016-04-03', '2016-04-06', 47807000),
('7106', 1, 20, '2016-03-24', '2016-03-27', 47807000),
('7106', 2, 30, '2016-04-03', '2016-04-06', 47807000),
('7107', 1, 20, '2016-03-24', '2016-03-27', 47807000),
('7107', 2, 30, '2016-04-03', '2016-04-06', 47807000),
('7108', 1, 20, '2016-03-24', '2016-03-27', 47807000),
('7108', 2, 30, '2016-04-03', '2016-04-06', 47807000),
('7109', 1, 20, '2016-03-24', '2016-03-27', 47709000),
('7109', 2, 30, '2016-04-03', '2016-04-06', 47709000),
('7110', 1, 20, '2016-03-24', '2016-03-27', 52709000),
('7110', 2, 30, '2016-04-03', '2016-04-06', 52709000),
('7111', 1, 20, '2016-03-24', '2016-03-27', 16557000),
('7111', 2, 30, '2016-04-03', '2016-04-06', 16557000),
('7112', 1, 20, '2016-03-24', '2016-03-27', 34449000),
('7112', 2, 30, '2016-04-03', '2016-04-06', 34449000),
('7113', 1, 20, '2016-03-24', '2016-03-27', 34449000),
('7113', 2, 30, '2016-04-03', '2016-04-06', 34449000),
('7114', 1, 20, '2016-03-24', '2016-03-27', 17782500),
('7114', 2, 30, '2016-04-03', '2016-04-06', 17782500),
('7115', 1, 20, '2016-03-24', '2016-03-27', 33170500),
('7115', 2, 30, '2016-04-03', '2016-04-06', 33170500),
('7116', 1, 20, '2016-05-15', '2016-05-18', 12096000),
('7116', 2, 30, '2016-05-25', '2016-05-28', 12096000),
('7117', 1, 20, '2016-03-24', '2016-03-27', 37792000),
('7117', 2, 30, '2016-04-03', '2016-04-06', 37792000),
('7118', 1, 20, '2016-03-24', '2016-03-27', 13207500),
('7118', 2, 30, '2016-04-03', '2016-04-06', 13207500),
('7119', 1, 20, '2016-05-15', '2016-05-18', 16557000),
('7119', 2, 30, '2016-05-25', '2016-05-28', 16557000),
('7120', 1, 20, '2016-03-24', '2016-03-27', 37792000),
('7120', 2, 30, '2016-04-03', '2016-04-06', 37792000),
('7121', 1, 20, '2016-04-29', '2016-05-02', 31704000),
('7121', 2, 30, '2016-05-09', '2016-05-12', 31704000),
('7122', 1, 20, '2016-03-24', '2016-03-27', 53344500),
('7122', 2, 30, '2016-04-03', '2016-04-06', 53344500),
('7123', 1, 20, '2016-03-24', '2016-03-27', 16146000),
('7123', 2, 30, '2016-04-03', '2016-04-06', 16146000),
('7124', 1, 20, '2016-03-24', '2016-03-27', 14106000),
('7124', 2, 30, '2016-04-03', '2016-04-06', 14106000),
('7125', 1, 20, '2016-03-24', '2016-03-27', 14106000),
('7125', 2, 30, '2016-04-03', '2016-04-06', 14106000),
('7126', 1, 20, '2016-03-24', '2016-03-27', 16557000),
('7126', 2, 30, '2016-04-03', '2016-04-06', 16557000),
('7127', 1, 20, '2016-03-24', '2016-03-27', 16557000),
('7127', 2, 30, '2016-04-03', '2016-04-06', 16557000),
('7130', 1, 20, '2016-03-24', '2016-03-27', 36164500),
('7130', 2, 30, '2016-04-03', '2016-04-06', 36164500),
('7131', 1, 20, '2016-03-24', '2016-03-27', 43517500),
('7131', 2, 30, '2016-04-03', '2016-04-06', 43517500),
('7132', 1, 20, '2016-03-24', '2016-03-27', 43517500),
('7132', 2, 30, '2016-04-03', '2016-04-06', 43517500),
('7133', 1, 20, '2016-03-24', '2016-03-27', 22618500),
('7133', 2, 30, '2016-04-03', '2016-04-06', 22618500),
('7134', 1, 20, '2016-03-24', '2016-03-27', 43027500),
('7134', 2, 30, '2016-04-03', '2016-04-06', 43027500),
('7135', 1, 20, '2016-03-24', '2016-03-27', 41066500),
('7135', 2, 30, '2016-04-03', '2016-04-06', 41066500),
('7136', 1, 20, '2016-03-24', '2016-03-27', 38615500),
('7136', 2, 30, '2016-04-03', '2016-04-06', 38615500),
('7137', 1, 20, '2016-03-24', '2016-03-27', 36164500),
('7137', 2, 30, '2016-04-03', '2016-04-06', 36164500),
('7138', 1, 20, '2016-03-24', '2016-03-27', 36164500),
('7138', 2, 30, '2016-04-03', '2016-04-06', 36164500),
('7139', 1, 20, '2016-03-24', '2016-03-27', 22439000),
('7139', 2, 30, '2016-04-03', '2016-04-06', 22439000),
('7140', 1, 20, '2016-03-24', '2016-03-27', 32488000),
('7140', 2, 30, '2016-04-03', '2016-04-06', 32488000),
('7141', 1, 20, '2016-03-24', '2016-03-27', 13370500),
('7141', 2, 30, '2016-04-03', '2016-04-06', 13370500),
('7142', 1, 20, '2016-03-24', '2016-03-27', 15037500),
('7142', 2, 30, '2016-04-03', '2016-04-06', 15037500),
('7143', 1, 20, '2016-03-24', '2016-03-27', 14841000),
('7143', 2, 30, '2016-04-03', '2016-04-06', 14841000),
('7144', 1, 20, '2016-03-24', '2016-03-27', 22684500),
('7144', 2, 30, '2016-04-03', '2016-04-06', 22684500),
('7145', 1, 20, '2016-03-24', '2016-03-27', 17782500),
('7145', 2, 30, '2016-04-03', '2016-04-06', 17782500),
('7146', 1, 20, '2016-03-24', '2016-03-27', 33713500),
('7146', 2, 30, '2016-04-03', '2016-04-06', 33713500),
('7147', 1, 20, '2016-04-29', '2016-05-02', 21704000),
('7147', 2, 30, '2016-05-09', '2016-05-12', 21704000),
('7148', 1, 20, '2016-05-15', '2016-05-18', 38615500),
('7148', 2, 30, '2016-05-25', '2016-05-28', 38615500),
('7563', 1, 28, '0000-00-00', '0000-00-00', 59544118),
('7563', 2, 45, '0000-01-10', '0000-01-13', 59544118),
('7564', 1, 28, '0000-00-00', '0000-00-00', 82852941),
('7564', 2, 45, '0000-01-10', '0000-01-13', 82852941),
('7816', 1, 28, '2016-05-19', '2016-05-22', 35058824),
('7816', 2, 45, '2016-06-05', '2016-06-08', 35058824),
('7830', 1, 36, '2016-05-28', '2016-05-31', 66550000),
('7830', 2, 60, '2016-06-21', '2016-06-24', 66550000),
('7831', 1, 23, '2016-03-27', '2016-03-30', 58197000),
('7831', 2, 39, '2016-04-12', '2016-04-15', 58197000),
('7831', 3, 49, '2016-04-22', '2016-04-25', 38798000),
('7831', 4, 60, '2016-05-03', '2016-05-06', 38798000),
('7835', 1, 36, '0000-01-01', '0000-01-04', 93612745),
('7835', 2, 60, '0000-01-25', '0000-01-28', 93612745),
('7839', 1, 28, '0000-00-00', '0000-00-00', 93367647),
('7839', 2, 45, '0000-01-10', '0000-01-13', 93367647),
('7840', 1, 28, '2016-05-09', '2016-05-12', 51661000),
('7840', 2, 45, '2016-05-26', '2016-05-29', 51661000),
('7841', 1, 28, '0000-00-00', '0000-00-00', 64053922),
('7841', 2, 45, '0000-01-10', '0000-01-13', 64053922),
('8017', 1, 28, '2016-04-01', '2016-04-04', 48813000),
('8017', 2, 45, '2016-04-18', '2016-04-21', 48813000),
('8696', 1, 5, '0000-00-00', '0000-00-00', 0),
('8696', 2, 3, '1970-01-01', '0000-00-00', 0),
('8696', 3, 1, '1970-01-01', '0000-00-00', 0),
('8696', 4, 0, '1970-01-01', '1970-01-01', 0),
('8704', 1, 36, '2016-05-28', '2016-05-31', 88465500),
('8704', 2, 60, '2016-06-21', '2016-06-24', 88465500),
('8705', 1, 5, '0000-00-00', '0000-00-00', 0),
('8705', 2, 3, '1970-01-01', '0000-00-00', 0),
('8705', 3, 1, '1970-01-01', '0000-00-00', 0),
('8705', 4, 0, '1970-01-01', '1970-01-01', 0),
('8706', 1, 36, '2016-06-03', '2016-06-06', 97289216),
('8706', 2, 60, '2016-06-27', '2016-06-30', 97289216),
('8707', 1, 5, '0000-00-00', '0000-00-00', 0),
('8707', 2, 3, '1970-01-01', '0000-00-00', 0),
('8707', 3, 1, '1970-01-01', '0000-00-00', 0),
('8707', 4, 0, '1970-01-01', '1970-01-01', 0),
('8708', 1, 36, '2016-06-03', '2016-06-06', 65750000),
('8708', 2, 60, '2016-06-27', '2016-06-30', 65750000),
('8709', 1, 36, '0000-01-01', '0000-01-04', 88465687),
('8709', 2, 60, '0000-01-25', '0000-01-28', 88465687),
('8711', 1, 5, '0000-00-00', '0000-00-00', 0),
('8711', 2, 3, '1970-01-01', '0000-00-00', 0),
('8711', 3, 1, '1970-01-01', '0000-00-00', 0),
('8711', 4, 0, '1970-01-01', '1970-01-01', 0),
('8712', 1, 5, '0000-00-00', '0000-00-00', 0),
('8712', 2, 3, '1970-01-01', '0000-00-00', 0),
('8712', 3, 1, '1970-01-01', '0000-00-00', 0),
('8712', 4, 0, '1970-01-01', '1970-01-01', 0),
('8713', 1, 36, '0000-01-01', '0000-01-04', 78661765),
('8713', 2, 60, '0000-01-25', '0000-01-28', 78661765),
('8714', 1, 5, '0000-00-00', '0000-00-00', 0),
('8714', 2, 3, '1970-01-01', '0000-00-00', 0),
('8714', 3, 1, '1970-01-01', '0000-00-00', 0),
('8714', 4, 0, '1970-01-01', '1970-01-01', 0),
('8715', 1, 5, '0000-00-00', '0000-00-00', 0),
('8715', 2, 3, '1970-01-01', '0000-00-00', 0),
('8715', 3, 1, '1970-01-01', '0000-00-00', 0),
('8715', 4, 0, '1970-01-01', '1970-01-01', 0),
('8716', 1, 5, '0000-00-00', '0000-00-00', 0),
('8716', 2, 3, '1970-01-01', '0000-00-00', 0),
('8716', 3, 1, '1970-01-01', '0000-00-00', 0),
('8716', 4, 0, '1970-01-01', '1970-01-01', 0),
('8717', 1, 5, '0000-00-00', '0000-00-00', 0),
('8717', 2, 3, '1970-01-01', '0000-00-00', 0),
('8717', 3, 1, '1970-01-01', '0000-00-00', 0),
('8717', 4, 0, '1970-01-01', '1970-01-01', 0),
('8718', 1, 41, '2016-06-15', '2016-06-18', 70703670),
('8718', 2, 75, '2016-07-19', '2016-07-22', 70703670),
('8718', 3, 97, '2016-08-10', '2016-08-13', 47135780),
('8718', 4, 120, '2016-09-02', '2016-09-05', 47135780),
('8719', 1, 5, '0000-00-00', '0000-00-00', 0),
('8719', 2, 3, '1970-01-01', '0000-00-00', 0),
('8719', 3, 1, '1970-01-01', '0000-00-00', 0),
('8719', 4, 0, '1970-01-01', '1970-01-01', 0),
('8720', 1, 5, '0000-00-00', '0000-00-00', 0),
('8720', 2, 3, '1970-01-01', '0000-00-00', 0),
('8720', 3, 1, '1970-01-01', '0000-00-00', 0),
('8720', 4, 0, '1970-01-01', '1970-01-01', 0),
('8721', 1, 5, '0000-00-00', '0000-00-00', 0),
('8721', 2, 3, '1970-01-01', '0000-00-00', 0),
('8721', 3, 1, '1970-01-01', '0000-00-00', 0),
('8721', 4, 0, '1970-01-01', '1970-01-01', 0),
('8722', 1, 5, '0000-00-00', '0000-00-00', 0),
('8722', 2, 3, '1970-01-01', '0000-00-00', 0),
('8722', 3, 1, '1970-01-01', '0000-00-00', 0),
('8722', 4, 0, '1970-01-01', '1970-01-01', 0),
('8726', 1, 36, '2016-05-27', '2016-05-30', 94838250),
('8726', 2, 60, '2016-06-20', '2016-06-23', 94838250),
('8727', 1, 36, '2016-05-27', '2016-05-30', 94838250),
('8727', 2, 60, '2016-06-20', '2016-06-23', 94838250),
('8729', 1, 36, '0000-01-01', '0000-01-04', 94838250),
('8729', 2, 60, '0000-01-25', '0000-01-28', 94838250),
('8730', 1, 36, '0000-01-01', '0000-01-04', 94838250),
('8730', 2, 60, '0000-01-25', '0000-01-28', 94838250),
('8733', 1, 36, '2016-05-27', '2016-05-30', 94838250),
('8733', 2, 60, '2016-06-20', '2016-06-23', 94838250),
('8734', 1, 36, '0000-01-01', '0000-01-04', 94838250),
('8734', 2, 60, '0000-01-25', '0000-01-28', 94838250),
('8737', 1, 36, '2016-05-22', '2016-05-25', 94838250),
('8737', 2, 60, '2016-06-15', '2016-06-18', 94838250),
('8738', 1, 36, '2016-05-22', '2016-05-25', 94838250),
('8738', 2, 60, '2016-06-15', '2016-06-18', 94838250),
('8739', 1, 36, '0000-01-01', '0000-01-04', 94838250),
('8739', 2, 60, '0000-01-25', '0000-01-28', 94838250),
('8740', 1, 36, '2016-05-27', '2016-05-30', 94838250),
('8740', 2, 60, '2016-06-20', '2016-06-23', 94838250),
('8743', 1, 36, '2016-05-29', '2016-06-01', 94838250),
('8743', 2, 60, '2016-06-22', '2016-06-25', 94838250),
('8744', 1, 39, '2016-05-20', '2016-05-23', 113805900),
('8744', 2, 60, '2016-06-10', '2016-06-13', 75870600),
('8746', 1, 36, '2016-05-28', '2016-05-31', 73520000),
('8746', 2, 60, '2016-06-21', '2016-06-24', 73520000),
('8747', 1, 5, '0000-00-00', '0000-00-00', 0),
('8747', 2, 3, '1970-01-01', '0000-00-00', 0),
('8747', 3, 1, '1970-01-01', '0000-00-00', 0),
('8747', 4, 0, '1970-01-01', '1970-01-01', 0),
('8748', 1, 36, '2016-05-28', '2016-05-31', 65916667),
('8748', 2, 60, '2016-06-21', '2016-06-24', 65916667),
('8749', 1, 5, '0000-00-00', '0000-00-00', 0),
('8749', 2, 3, '1970-01-01', '0000-00-00', 0),
('8749', 3, 1, '1970-01-01', '0000-00-00', 0),
('8749', 4, 0, '1970-01-01', '1970-01-01', 0),
('8750', 1, 36, '0000-01-01', '0000-01-04', 88426471),
('8750', 2, 60, '0000-01-25', '0000-01-28', 88426471),
('8753', 1, 5, '0000-00-00', '0000-00-00', 0),
('8753', 2, 3, '1970-01-01', '0000-00-00', 0),
('8753', 3, 1, '1970-01-01', '0000-00-00', 0),
('8753', 4, 0, '1970-01-01', '1970-01-01', 0),
('8766', 1, 5, '0000-00-00', '0000-00-00', 0),
('8766', 2, 3, '1970-01-01', '0000-00-00', 0),
('8766', 3, 1, '1970-01-01', '0000-00-00', 0),
('8766', 4, 0, '1970-01-01', '1970-01-01', 0),
('8767', 1, 5, '0000-00-00', '0000-00-00', 0),
('8767', 2, 3, '1970-01-01', '0000-00-00', 0),
('8767', 3, 1, '1970-01-01', '0000-00-00', 0),
('8767', 4, 0, '1970-01-01', '1970-01-01', 0),
('8768', 1, 36, '0000-01-01', '0000-01-04', 43367647),
('8768', 2, 60, '0000-01-25', '0000-01-28', 43367647),
('8769', 1, 5, '0000-00-00', '0000-00-00', 0),
('8769', 2, 3, '1970-01-01', '0000-00-00', 0),
('8769', 3, 1, '1970-01-01', '0000-00-00', 0),
('8769', 4, 0, '1970-01-01', '1970-01-01', 0),
('8770', 1, 5, '0000-00-00', '0000-00-00', 0),
('8770', 2, 3, '1970-01-01', '0000-00-00', 0),
('8770', 3, 1, '1970-01-01', '0000-00-00', 0),
('8770', 4, 0, '1970-01-01', '1970-01-01', 0),
('8771', 1, 5, '0000-00-00', '0000-00-00', 0),
('8771', 2, 3, '1970-01-01', '0000-00-00', 0),
('8771', 3, 1, '1970-01-01', '0000-00-00', 0),
('8771', 4, 0, '1970-01-01', '1970-01-01', 0),
('8772', 1, 5, '0000-00-00', '0000-00-00', 0),
('8772', 2, 3, '1970-01-01', '0000-00-00', 0),
('8772', 3, 1, '1970-01-01', '0000-00-00', 0),
('8772', 4, 0, '1970-01-01', '1970-01-01', 0),
('8773', 1, 5, '0000-00-00', '0000-00-00', 0),
('8773', 2, 3, '1970-01-01', '0000-00-00', 0),
('8773', 3, 1, '1970-01-01', '0000-00-00', 0),
('8773', 4, 0, '1970-01-01', '1970-01-01', 0),
('8786', 1, 36, '2016-05-27', '2016-05-30', 81602941),
('8786', 2, 60, '2016-06-20', '2016-06-23', 81602941),
('8790', 1, 36, '2016-05-17', '2016-05-20', 87142000),
('8790', 2, 60, '2016-06-10', '2016-06-13', 87142000),
('9033', 1, 36, '2016-04-09', '2016-04-12', 90313500),
('9033', 2, 60, '2016-05-03', '2016-05-06', 90313500),
('9035', 1, 28, '2016-04-01', '2016-04-04', 46237500),
('9035', 2, 45, '2016-04-18', '2016-04-21', 46237500),
('9038', 1, 36, '2016-04-09', '2016-04-12', 55426500),
('9038', 2, 60, '2016-05-03', '2016-05-06', 55426500),
('9041', 1, 36, '2016-04-09', '2016-04-12', 56456000),
('9041', 2, 60, '2016-05-03', '2016-05-06', 56456000),
('9044', 1, 28, '2016-04-01', '2016-04-04', 37975500),
('9044', 2, 45, '2016-04-18', '2016-04-21', 37975500),
('9046', 1, 36, '2016-04-09', '2016-04-12', 56186500),
('9046', 2, 60, '2016-05-03', '2016-05-06', 56186500),
('9047', 1, 23, '2016-03-27', '2016-03-30', 38840750),
('9047', 2, 39, '2016-04-12', '2016-04-15', 46608900),
('9047', 3, 49, '2016-04-22', '2016-04-25', 31072600),
('9047', 4, 60, '2016-05-03', '2016-05-06', 38840750);

/*!40101 SET CHARACTER_SET_CLIENT=@OLD_CHARACTER_SET_CLIENT */;
/*!40101 SET CHARACTER_SET_RESULTS=@OLD_CHARACTER_SET_RESULTS */;
/*!40101 SET COLLATION_CONNECTION=@OLD_COLLATION_CONNECTION */;
